climate_effects,Temperature,VWC,out_of_sample_lppd,out_of_sample_mse,ndiv,spp,vr,beta[1],beta[2],beta[3],beta[4],beta[5],beta[6],beta[7],beta[8]
C.T.3*C.VWC.3,"C.T.sp.l, C.T.sp.0, C.T.sp.1","C.VWC.sp.l, C.VWC.sp.0, C.VWC.sp.1",-562.2886918217538,0.08102466685300266,0,ARTR,survival,-0.841680156356679,2.1995339712295188,0.16138392893120107,-10.859441377660286,-0.12237718466801989,0.43152338342281715,-0.11795877682982463,0.509501342622961
NULL,NA,NA,-567.2086637884478,0.08259408170732752,0,ARTR,survival,-0.8755756997933825,2.1939852906884885,0.16513394094684772,-11.083279216477498,-0.10791466339755261,NA,NA,NA
C.T.6*C.VWC.6,"C.T.sp.l, C.T.sp.0, C.T.sp.1, C.T.su.1, C.T.su.0","C.VWC.sp.l, C.VWC.sp.0, C.VWC.sp.1, C.VWC.su.1, C.VWC.su.0",-567.4922693230018,0.08253446689598816,0,ARTR,survival,-0.9259424781060241,2.1991060636032693,0.2493738981461338,-11.105554960374253,-0.12347590821613173,0.4081743937450958,-0.11122910324192535,0.5042174272293465
C.T.7*C.VWC.7,"C.T.sp.l, C.T.sp.0, C.T.sp.1, C.T.f.1, C.T.f.0, C.T.su.1, C.T.su.0","C.VWC.sp.l, C.VWC.sp.0, C.VWC.sp.1, C.VWC.f.1, C.VWC.f.0, C.VWC.su.1, C.VWC.su.0",-567.9629981060431,0.08329834958020563,0,ARTR,survival,-0.926753366457969,2.161392370921679,0.20861594894948396,-11.178492167825464,-0.11596852550606462,0.26997146046647597,-0.16870001140925206,0.43327969348864126
C.T.2*C.VWC.2,"C.T.sp.0, C.T.sp.1","C.VWC.sp.0, C.VWC.sp.1",-570.0738349941915,0.08205827087341704,0,ARTR,survival,-0.893708642937372,2.2052135254405325,0.18674831567816505,-11.10453133883146,-0.12011276213145633,0.2666202197619093,-0.08494104533436685,0.36709384656893074
C.T.1*C.VWC.1,C.T.sp.1,C.VWC.sp.1,-571.9955074283521,0.08357655160829518,0,ARTR,survival,-0.8581910552869378,2.2743125815448155,0.2126611246142175,-10.956927071253139,-0.1051500856510306,-0.3095684969950574,-0.013762271360769684,-0.1576141422395806
C.T.4*C.VWC.4,"C.T.sp.1, C.T.su.1","C.VWC.sp.1, C.VWC.su.1",-574.7341597716616,0.08305221717560793,0,ARTR,survival,-0.8863775917220063,2.220043015498381,0.19466982829099794,-11.129495394795022,-0.11564499537091644,0.1046580654067818,-0.06089289094755163,0.2561862771789594
C.T.5*C.VWC.5,"C.T.sp.1, C.T.f.1, C.T.su.1","C.VWC.sp.1, C.VWC.f.1, C.VWC.su.1",-586.2580918848247,0.08383860779431401,0,ARTR,survival,-0.9174097271238463,2.203591629247398,0.17517549552889683,-11.221717119887847,-0.11295303940915163,0.13816353157492572,-0.06743276591534023,0.3399626475801305
