climate_effects,Temperature,VWC,out_of_sample_lppd,out_of_sample_mse,ndiv,spp,vr,beta[1],beta[2],beta[3],beta[4],beta[5],beta[6],beta[7],beta[8]
NULL,NA,NA,-659.6232897985491,0.27680793999438086,0,ARTR,growth,-1.1636412285199749,1.5774638559043335,0.12125131749055093,-0.8170122655730236,0.0024612382270334694,NA,NA,NA
C.T.5*C.VWC.5,"C.T.sp.1, C.T.f.1, C.T.su.1","C.VWC.sp.1, C.VWC.f.1, C.VWC.su.1",-661.5645446415355,0.28061030888347727,0,ARTR,growth,-1.171561783948868,1.5780744071333233,0.1198806578702914,-0.7827365476191674,0.0010928035774309451,0.02351121520093568,-0.05421817987340205,0.08673816018081079
C.T.7*C.VWC.7,"C.T.sp.l, C.T.sp.0, C.T.sp.1, C.T.f.1, C.T.f.0, C.T.su.1, C.T.su.0","C.VWC.sp.l, C.VWC.sp.0, C.VWC.sp.1, C.VWC.f.1, C.VWC.f.0, C.VWC.su.1, C.VWC.su.0",-661.8307796551165,0.27798869580964747,0,ARTR,growth,-1.1864426577392724,1.5820361342283877,0.12989161415879935,-0.8063800740248702,8.051043802846669e-4,0.053606185431917815,-0.040820917144452115,0.07815718266373144
C.T.3*C.VWC.3,"C.T.sp.l, C.T.sp.0, C.T.sp.1","C.VWC.sp.l, C.VWC.sp.0, C.VWC.sp.1",-667.9898636334275,0.2770951823932707,0,ARTR,growth,-1.1848496028516307,1.5726259862226408,0.12428627857779861,-0.864277577648416,0.0014896470118540583,0.04921955419768858,-0.045373693143111904,0.02820476107972528
C.T.6*C.VWC.6,"C.T.sp.l, C.T.sp.0, C.T.sp.1, C.T.su.1, C.T.su.0","C.VWC.sp.l, C.VWC.sp.0, C.VWC.sp.1, C.VWC.su.1, C.VWC.su.0",-668.5040331947093,0.27687070370199807,0,ARTR,growth,-1.1869513864310086,1.5766068964341118,0.13255628716552748,-0.8472579002115552,0.0016002533608577344,0.06395565289267055,-0.04721111953727192,0.0453141812212787
C.T.1*C.VWC.1,C.T.sp.1,C.VWC.sp.1,-673.6482817698271,0.2764822752787554,0,ARTR,growth,-1.1589337738542456,1.579551759227462,0.128561496872437,-0.7861748086270899,0.0016967350854599952,-0.0051139883053176035,-0.03518484820768452,0.01961631467061576
C.T.2*C.VWC.2,"C.T.sp.0, C.T.sp.1","C.VWC.sp.0, C.VWC.sp.1",-678.8329698178243,0.2760236498266087,0,ARTR,growth,-1.1819776660099335,1.5723856805053877,0.11939560656073253,-0.8512246360986393,0.001027779752331306,0.04668513774080715,-0.053580424426775415,0.030713055327721756
C.T.4*C.VWC.4,"C.T.sp.1, C.T.su.1","C.VWC.sp.1, C.VWC.su.1",-685.3677507134153,0.2747761971901173,0,ARTR,growth,-1.1662500321007558,1.5774686907419668,0.12651951537899087,-0.7969556102486801,0.0011036352787810331,0.022726379433692802,-0.050383889619918756,0.048457045217516745
