climate_effects,Temperature,VWC,out_of_sample_lppd,out_of_sample_mse,ndiv,spp,vr,beta[1],beta[2],beta[3],beta[4],beta[5],beta[6],beta[7],beta[8]
C.T.6*C.VWC.6,"C.T.sp.l, C.T.sp.0, C.T.sp.1, C.T.su.1, C.T.su.0","C.VWC.sp.l, C.VWC.sp.0, C.VWC.sp.1, C.VWC.su.1, C.VWC.su.0",-563.8106475329657,0.08214385441971206,0,ARTR,survival,-0.9295021434502184,2.19652164082689,0.25414615859097056,-11.119001137676424,-0.12436285349820517,0.3811457145824421,-0.11429290207176196,0.48048805547545204
C.T.3*C.VWC.3,"C.T.sp.l, C.T.sp.0, C.T.sp.1","C.VWC.sp.l, C.VWC.sp.0, C.VWC.sp.1",-570.209612892689,0.08251822425222502,0,ARTR,survival,-0.8448812181907591,2.196427284054079,0.16491929875236747,-10.880425688321576,-0.12346268805329988,0.4403074492314227,-0.12170307454728171,0.5140774724061213
C.T.7*C.VWC.7,"C.T.sp.l, C.T.sp.0, C.T.sp.1, C.T.f.1, C.T.f.0, C.T.su.1, C.T.su.0","C.VWC.sp.l, C.VWC.sp.0, C.VWC.sp.1, C.VWC.f.1, C.VWC.f.0, C.VWC.su.1, C.VWC.su.0",-572.7672176477422,0.08324831304283427,0,ARTR,survival,-0.9369694408009759,2.1555594606234734,0.206970594185506,-11.228916740103301,-0.1170088599824472,0.26475489440143835,-0.16864264353985473,0.4281691951799165
NULL,NA,NA,-576.8984983497008,0.08218386213680161,0,ARTR,survival,-0.8804856639079665,2.192481526685519,0.16807542346041432,-11.121916603633169,-0.11020094988568453,NA,NA,NA
C.T.2*C.VWC.2,"C.T.sp.0, C.T.sp.1","C.VWC.sp.0, C.VWC.sp.1",-578.0066123841609,0.08279083580977777,0,ARTR,survival,-0.8998992943738435,2.1992867852135234,0.19082504307868714,-11.147795268079449,-0.12081639328450292,0.27565388549804093,-0.0920408799401635,0.36337716202751236
C.T.5*C.VWC.5,"C.T.sp.1, C.T.f.1, C.T.su.1","C.VWC.sp.1, C.VWC.f.1, C.VWC.su.1",-580.3097794835687,0.08300006645809324,0,ARTR,survival,-0.9011152925682308,2.200680036347932,0.17493789234796703,-11.22019526826822,-0.11348992314778977,0.1484385818938139,-0.07729513088579677,0.30472445460612585
C.T.4*C.VWC.4,"C.T.sp.1, C.T.su.1","C.VWC.sp.1, C.VWC.su.1",-584.0872701421914,0.08278528440716591,0,ARTR,survival,-0.889020820864949,2.2121275298434715,0.19183599545699237,-11.179159516008955,-0.11654042322360435,0.10930645191107366,-0.07110052587102543,0.2447131361187446
C.T.1*C.VWC.1,C.T.sp.1,C.VWC.sp.1,-585.3308283076046,0.08311903358044712,0,ARTR,survival,-0.8684139316576026,2.2739203468757387,0.22226915091226263,-10.997321594753478,-0.10550033829647373,-0.29293109833617276,-0.029787560053981036,-0.159415628152329
