climate_effects,Temperature,VWC,out_of_sample_lppd,out_of_sample_mse,ndiv,spp,vr,beta[1],beta[2],beta[3],beta[4],beta[5],beta[6],beta[7],beta[8]
C.T.5*C.VWC.5,"C.T.sp.1, C.T.f.1, C.T.su.1","C.VWC.sp.1, C.VWC.f.1, C.VWC.su.1",-1492.207343158732,0.10391262963164036,0,HECO,survival,2.3007373043273502,2.281955490451556,-0.3690384826693974,-1.2120461601437242,-0.014327106344246412,-0.11617489040764847,0.4382141299128953,-0.040260146303765496
C.T.2*C.VWC.2,"C.T.sp.0, C.T.sp.1","C.VWC.sp.0, C.VWC.sp.1",-1507.7823410633252,0.10490706617877915,0,HECO,survival,2.3052205510259247,2.27423011529042,-0.3670409971553146,-1.2082005772026347,-0.015066483323841863,-0.038328065780392453,0.4689014257241314,0.07933148679426484
C.T.1*C.VWC.1,C.T.sp.1,C.VWC.sp.1,-1509.277271313926,0.10411143390726825,0,HECO,survival,2.3178382197068133,2.272919718837626,-0.37877217058230306,-1.211929254528634,-0.015088663776476663,0.032640636628482635,0.3471148715765913,0.15519548714645226
C.T.4*C.VWC.4,"C.T.sp.1, C.T.su.1","C.VWC.sp.1, C.VWC.su.1",-1513.4659673533988,0.1046102501334853,0,HECO,survival,2.3204787752239313,2.2603356312775547,-0.39898012978639685,-1.206052009146657,-0.01644650731688903,-0.051284078764654795,0.3187739246975875,0.12710830844567356
C.T.7*C.VWC.7,"C.T.sp.l, C.T.sp.0, C.T.sp.1, C.T.f.1, C.T.f.0, C.T.su.1, C.T.su.0","C.VWC.sp.l, C.VWC.sp.0, C.VWC.sp.1, C.VWC.f.1, C.VWC.f.0, C.VWC.su.1, C.VWC.su.0",-1521.4211737649885,0.10628265925655707,0,HECO,survival,2.3308097679748525,2.2968271915405456,-0.36508753936435046,-1.2010528133816367,-0.01584722737113706,0.03896368889461436,0.4341488276859312,-0.014435888173082034
C.T.3*C.VWC.3,"C.T.sp.l, C.T.sp.0, C.T.sp.1","C.VWC.sp.l, C.VWC.sp.0, C.VWC.sp.1",-1524.278291729597,0.10625869476582649,0,HECO,survival,2.348222902624941,2.25693937831262,-0.3862622319361952,-1.211610695089025,-0.016839014526029726,-0.007544109981882153,0.4760737600405587,0.1059040264236672
C.T.6*C.VWC.6,"C.T.sp.l, C.T.sp.0, C.T.sp.1, C.T.su.1, C.T.su.0","C.VWC.sp.l, C.VWC.sp.0, C.VWC.sp.1, C.VWC.su.1, C.VWC.su.0",-1540.1013527955156,0.1076885305376722,0,HECO,survival,2.3446304078543005,2.2630354620505457,-0.3878094547730234,-1.2082913012002678,-0.018485508094521708,0.023472706041472207,0.4465710614570234,0.12825627395870942
NULL,NA,NA,-1548.0262580158906,0.10733241172218358,0,HECO,survival,2.2890379077953673,2.2789853808416662,-0.3593267385727106,-1.2048776888946993,-0.010549213998349672,NA,NA,NA
