climate_effects,Temperature,VWC,out_of_sample_lppd,out_of_sample_mse,ndiv,spp,vr,beta[1],beta[2],beta[3],beta[4],beta[5],beta[6],beta[7],beta[8]
NULL,NA,NA,-2201.6766777077655,0.3020536475958549,0,HECO,growth,-0.42595900366956574,0.9729591158014385,-0.2831121276918995,-0.08620260185991332,-0.05062312622575098,NA,NA,NA
C.T.7*C.VWC.7,"C.T.sp.l, C.T.sp.0, C.T.sp.1, C.T.f.1, C.T.f.0, C.T.su.1, C.T.su.0","C.VWC.sp.l, C.VWC.sp.0, C.VWC.sp.1, C.VWC.f.1, C.VWC.f.0, C.VWC.su.1, C.VWC.su.0",-2219.971487072475,0.30299942424668125,0,HECO,growth,-0.42452019035220045,0.9714764245827495,-0.28137741353257995,-0.08848761141945785,-0.05039408649313136,-0.05632187026292954,0.004156059329022423,0.016183927175917472
C.T.2*C.VWC.2,"C.T.sp.0, C.T.sp.1","C.VWC.sp.0, C.VWC.sp.1",-2229.5211454093806,0.3018853403868951,0,HECO,growth,-0.4232626895428315,0.9721937959497875,-0.28484268954750686,-0.08631599678730319,-0.050895075694304126,-0.009421225939754226,-0.026952019993541406,0.04881627384880668
C.T.3*C.VWC.3,"C.T.sp.l, C.T.sp.0, C.T.sp.1","C.VWC.sp.l, C.VWC.sp.0, C.VWC.sp.1",-2233.5614429795664,0.30099114041554753,0,HECO,growth,-0.4206176685284597,0.9720543996792392,-0.28404509085265967,-0.08674283046656142,-0.050687729842068485,-3.6985535410024483e-4,-0.015893281005556616,0.0573225369804568
C.T.1*C.VWC.1,C.T.sp.1,C.VWC.sp.1,-2233.6319337643727,0.30082340023895926,0,HECO,growth,-0.4215201445833776,0.9721960762443348,-0.28393054126346856,-0.08650553586487504,-0.051152058956179546,0.012953217237982971,-0.027377826281872145,0.06297457035944945
C.T.4*C.VWC.4,"C.T.sp.1, C.T.su.1","C.VWC.sp.1, C.VWC.su.1",-2235.0650452098566,0.30104601406143316,0,HECO,growth,-0.42331002140321494,0.9721899259837158,-0.2828839102927077,-0.08593937634316441,-0.050770187985444165,-0.007888572096869417,-0.008058749704683227,0.05115674697083074
C.T.5*C.VWC.5,"C.T.sp.1, C.T.f.1, C.T.su.1","C.VWC.sp.1, C.VWC.f.1, C.VWC.su.1",-2253.739573869235,0.29843458758431735,0,HECO,growth,-0.4241423013244763,0.9720402654662418,-0.28296872530353334,-0.08601613516375015,-0.05044797827464041,-0.025800146600780047,-0.0012025298567285999,0.023701315317088717
C.T.6*C.VWC.6,"C.T.sp.l, C.T.sp.0, C.T.sp.1, C.T.su.1, C.T.su.0","C.VWC.sp.l, C.VWC.sp.0, C.VWC.sp.1, C.VWC.su.1, C.VWC.su.0",-2259.082690182924,0.30351234934258225,0,HECO,growth,-0.4199310267084784,0.972634592773295,-0.2818248989510608,-0.08683710354568386,-0.050436280334694224,-0.04871499171819037,0.007689226013766782,0.007845437517403905
