climate_effects,Temperature,VWC,out_of_sample_lppd,out_of_sample_mse,ndiv,spp,vr,beta[1],beta[2],beta[3],beta[4],beta[5],beta[6],beta[7],beta[8]
C.T.5*C.VWC.5,"C.T.sp.1, C.T.f.1, C.T.su.1","C.VWC.sp.1, C.VWC.f.1, C.VWC.su.1",-1492.3458225911072,0.10188479637686312,5,HECO,survival,2.303974015538605,2.279139857166024,-0.37345674843823967,-1.211762849900517,-0.014430102080295739,-0.10681988904767306,0.4342516267298021,-0.05112790030618551
C.T.2*C.VWC.2,"C.T.sp.0, C.T.sp.1","C.VWC.sp.0, C.VWC.sp.1",-1494.525722615952,0.10199416701108628,5,HECO,survival,2.302463957132354,2.27181655179778,-0.3714847118396545,-1.2084984375139323,-0.015477796444448818,-0.03614337307990559,0.4688221850579528,0.08095381307899643
C.T.1*C.VWC.1,C.T.sp.1,C.VWC.sp.1,-1505.2617795950707,0.10214201157803088,5,HECO,survival,2.320833255034056,2.275016928697308,-0.3808349203913227,-1.2104111789593444,-0.015301036130789453,0.03666395715217655,0.34848038072081766,0.16153376153354068
C.T.3*C.VWC.3,"C.T.sp.l, C.T.sp.0, C.T.sp.1","C.VWC.sp.l, C.VWC.sp.0, C.VWC.sp.1",-1513.10893884392,0.1035056990428658,5,HECO,survival,2.345034244145653,2.258661426086874,-0.38610342547373744,-1.2108429326267771,-0.01744399635578966,-0.004415575312489539,0.47455500522786875,0.10437898848791373
C.T.7*C.VWC.7,"C.T.sp.l, C.T.sp.0, C.T.sp.1, C.T.f.1, C.T.f.0, C.T.su.1, C.T.su.0","C.VWC.sp.l, C.VWC.sp.0, C.VWC.sp.1, C.VWC.f.1, C.VWC.f.0, C.VWC.su.1, C.VWC.su.0",-1516.01818165727,0.10365972490282946,5,HECO,survival,2.3333853586921935,2.2929780637511756,-0.3699264097479294,-1.1997485615930157,-0.016390412495837028,0.0429799318336498,0.43206362646973395,-0.012787833599572836
C.T.4*C.VWC.4,"C.T.sp.1, C.T.su.1","C.VWC.sp.1, C.VWC.su.1",-1518.8295391691654,0.10303973797515074,5,HECO,survival,2.314934378834524,2.256131114042306,-0.40314274294834396,-1.2069228054686711,-0.017035678085302878,-0.05611020109823914,0.3200215472081545,0.1345323895889084
C.T.6*C.VWC.6,"C.T.sp.l, C.T.sp.0, C.T.sp.1, C.T.su.1, C.T.su.0","C.VWC.sp.l, C.VWC.sp.0, C.VWC.sp.1, C.VWC.su.1, C.VWC.su.0",-1527.3223011894022,0.10491754615254274,5,HECO,survival,2.3408227739842493,2.259397776468178,-0.39286828661145784,-1.207038946421378,-0.018359041895285193,0.026829888392134883,0.4442887515678999,0.12871413743328364
NULL,NA,NA,-1557.0944560609391,0.1058335279140337,5,HECO,survival,2.291743791668601,2.2765658274801877,-0.3630135818597333,-1.2044693046972836,-0.010845278723159511,NA,NA,NA
