climate_effects,Temperature,VWC,out_of_sample_lppd,out_of_sample_mse,ndiv,spp,vr,beta[1],beta[2],beta[3],beta[4],beta[5],beta[6],beta[7],beta[8]
NULL,NA,NA,-2218.0263784162835,0.30682889963161747,0,HECO,growth,-0.4252918230452517,0.9725553285413452,-0.2828909165814139,-0.08643556653199623,-0.05060523154306138,NA,NA,NA
C.T.7*C.VWC.7,"C.T.sp.l, C.T.sp.0, C.T.sp.1, C.T.f.1, C.T.f.0, C.T.su.1, C.T.su.0","C.VWC.sp.l, C.VWC.sp.0, C.VWC.sp.1, C.VWC.f.1, C.VWC.f.0, C.VWC.su.1, C.VWC.su.0",-2247.6486137609463,0.3060035619720254,0,HECO,growth,-0.42283161573589934,0.9710586438960461,-0.28092650608934155,-0.08860181391430041,-0.050344438428888375,-0.05591166092254956,0.004894033537050805,0.016551942887869132
C.T.2*C.VWC.2,"C.T.sp.0, C.T.sp.1","C.VWC.sp.0, C.VWC.sp.1",-2248.9602819115594,0.30800724706203747,0,HECO,growth,-0.42298245006865337,0.9718374369871838,-0.2842706357454134,-0.08673340810051892,-0.05077211354226859,-0.009207117175535903,-0.027840408623102504,0.04887281963972544
C.T.1*C.VWC.1,C.T.sp.1,C.VWC.sp.1,-2251.4746504623854,0.30752930963670333,0,HECO,growth,-0.4227815147628536,0.9721922490071222,-0.2829872731915912,-0.0868916004585194,-0.05116520492309054,0.011376620663894159,-0.026930038727936874,0.06298763447520658
C.T.3*C.VWC.3,"C.T.sp.l, C.T.sp.0, C.T.sp.1","C.VWC.sp.l, C.VWC.sp.0, C.VWC.sp.1",-2251.830827896824,0.3055548878682639,0,HECO,growth,-0.4195279054623394,0.9717892500370467,-0.2830532177332433,-0.08707171408673418,-0.05054233517806628,-1.2259041277604357e-4,-0.014035461370629585,0.058042210518822225
C.T.5*C.VWC.5,"C.T.sp.1, C.T.f.1, C.T.su.1","C.VWC.sp.1, C.VWC.f.1, C.VWC.su.1",-2273.0554174922804,0.3048390966865293,0,HECO,growth,-0.42597205785217407,0.9723098478033401,-0.28236944352504906,-0.08644145477046605,-0.050460362818437146,-0.027301372765342478,-0.0010918130872879437,0.022114825770939768
C.T.4*C.VWC.4,"C.T.sp.1, C.T.su.1","C.VWC.sp.1, C.VWC.su.1",-2287.6170721677527,0.30794575881154096,0,HECO,growth,-0.42395629084025904,0.9720943366444451,-0.28289548756699606,-0.08617232636093446,-0.05086535549546088,-0.009677511251765011,-0.007891367640698638,0.052230452639307645
C.T.6*C.VWC.6,"C.T.sp.l, C.T.sp.0, C.T.sp.1, C.T.su.1, C.T.su.0","C.VWC.sp.l, C.VWC.sp.0, C.VWC.sp.1, C.VWC.su.1, C.VWC.su.0",-2294.6208272110134,0.30650787020310877,0,HECO,growth,-0.4195321194336193,0.9730264305615113,-0.2815925743180168,-0.08702557657088625,-0.05042779674968856,-0.04811562301583741,0.009090290339390555,0.008753993701356886
