climate_effects,Temperature,VWC,out_of_sample_lppd,out_of_sample_mse,ndiv,spp,vr,beta[1],beta[2],beta[3],beta[4],beta[5],beta[6],beta[7],beta[8]
C.T.3*C.VWC.3,"C.T.sp.l, C.T.sp.0, C.T.sp.1","C.VWC.sp.l, C.VWC.sp.0, C.VWC.sp.1",-2934.167204777082,0.1435003103925259,0,POSE,survival,1.731575564374983,1.582141064951072,-0.3464156000757338,-1.512343037153807,0.024266303847671176,0.16742929365606257,0.31638909053132824,-0.22716618331402827
C.T.2*C.VWC.2,"C.T.sp.0, C.T.sp.1","C.VWC.sp.0, C.VWC.sp.1",-2939.7039799017984,0.1435941126656756,0,POSE,survival,1.6970625629127507,1.586548599122739,-0.33506388845652424,-1.5104960935238974,0.024765724793488025,0.1974042928393626,0.2566912921468286,-0.1792978877478548
C.T.7*C.VWC.7,"C.T.sp.l, C.T.sp.0, C.T.sp.1, C.T.f.1, C.T.f.0, C.T.su.1, C.T.su.0","C.VWC.sp.l, C.VWC.sp.0, C.VWC.sp.1, C.VWC.f.1, C.VWC.f.0, C.VWC.su.1, C.VWC.su.0",-2973.9534637676784,0.14701864708766718,0,POSE,survival,1.700640074865028,1.5911135646198078,-0.33351449426979035,-1.5018127409908952,0.02398992893427891,0.2613878247951372,0.27806261622884454,-0.12812652956060108
NULL,NA,NA,-2979.3064524866586,0.1470125279660795,0,POSE,survival,1.6060036751635085,1.580427521572889,-0.33048217413843506,-1.5027615449088765,0.024805035951033078,NA,NA,NA
C.T.1*C.VWC.1,C.T.sp.1,C.VWC.sp.1,-2979.993075198656,0.14733236642751393,0,POSE,survival,1.6325077868762077,1.585690823648601,-0.3328287629169063,-1.5038109114396745,0.024763279312606357,-0.018938229186421778,0.18553643543612475,-0.16181671150160395
C.T.5*C.VWC.5,"C.T.sp.1, C.T.f.1, C.T.su.1","C.VWC.sp.1, C.VWC.f.1, C.VWC.su.1",-2988.7781208314873,0.14721986928842043,0,POSE,survival,1.636333838692995,1.5833482366468608,-0.33722000271963404,-1.5005388878703108,0.02510388309459779,-0.1503059151203724,0.1696297126543676,-0.15677066046917176
C.T.4*C.VWC.4,"C.T.sp.1, C.T.su.1","C.VWC.sp.1, C.VWC.su.1",-2994.459567114138,0.14784553882843315,0,POSE,survival,1.6415092975543106,1.5831132923754083,-0.33721251464167457,-1.5035107145979072,0.024687333610616938,-0.015881997711624497,0.15691632999757246,-0.13906482145065535
C.T.6*C.VWC.6,"C.T.sp.l, C.T.sp.0, C.T.sp.1, C.T.su.1, C.T.su.0","C.VWC.sp.l, C.VWC.sp.0, C.VWC.sp.1, C.VWC.su.1, C.VWC.su.0",-3001.3924801014336,0.14634917013927398,0,POSE,survival,1.753878024662695,1.5835267444112664,-0.34324356911941745,-1.5124656289765381,0.02459993149912666,0.23745127812854522,0.2860991232794414,-0.1981752725997545
