climate_effects,Temperature,VWC,out_of_sample_lppd,out_of_sample_mse,ndiv,spp,vr,beta[1],beta[2],beta[3],beta[4],beta[5],beta[6],beta[7],beta[8]
C.T.4*C.VWC.4,"C.T.sp.1, C.T.su.1","C.VWC.sp.1, C.VWC.su.1",-5194.9827876062745,0.2960620801023962,0,POSE,growth,-0.36463470465720316,0.7912877702500394,-0.14494382254770286,-0.25988048423849774,-0.010233941467125625,0.06680534930539256,-0.0010108532451249823,0.06937086094026497
NULL,NA,NA,-5217.50225715789,0.2974908242059872,0,POSE,growth,-0.3698807633543269,0.7910497958264395,-0.14715890362774414,-0.2610470711803445,-0.009543736603832264,NA,NA,NA
C.T.2*C.VWC.2,"C.T.sp.0, C.T.sp.1","C.VWC.sp.0, C.VWC.sp.1",-5218.309675891168,0.2975862488016796,0,POSE,growth,-0.3562154164918519,0.7901473694438004,-0.14603414997706785,-0.26013139866074,-0.00992875302621836,0.06986155642699687,0.03056286584255063,0.04269976809772241
C.T.6*C.VWC.6,"C.T.sp.l, C.T.sp.0, C.T.sp.1, C.T.su.1, C.T.su.0","C.VWC.sp.l, C.VWC.sp.0, C.VWC.sp.1, C.VWC.su.1, C.VWC.su.0",-5229.471068769119,0.29989678318268254,0,POSE,growth,-0.3560072795729973,0.7898835188067006,-0.14702892865352812,-0.26112272211566,-0.009579379778862399,0.061614314156042425,0.04501748758051878,0.016551497135751
C.T.7*C.VWC.7,"C.T.sp.l, C.T.sp.0, C.T.sp.1, C.T.f.1, C.T.f.0, C.T.su.1, C.T.su.0","C.VWC.sp.l, C.VWC.sp.0, C.VWC.sp.1, C.VWC.f.1, C.VWC.f.0, C.VWC.su.1, C.VWC.su.0",-5240.303458437293,0.2991570136654187,0,POSE,growth,-0.36699122208305346,0.790768607802035,-0.14560116391495526,-0.2602252993480829,-0.00959017440535405,0.03319294786582585,0.03998492999548819,0.04601243728512266
C.T.5*C.VWC.5,"C.T.sp.1, C.T.f.1, C.T.su.1","C.VWC.sp.1, C.VWC.f.1, C.VWC.su.1",-5244.8170812908365,0.29709583740114537,0,POSE,growth,-0.36823350250064196,0.7906338935333562,-0.14328599393504501,-0.25922867368013675,-0.00971294105841929,0.02134725231376477,0.0072792809599874905,0.0776787635470666
C.T.1*C.VWC.1,C.T.sp.1,C.VWC.sp.1,-5244.823072397393,0.29695539401569226,0,POSE,growth,-0.36148070595092385,0.790475706079768,-0.14802257585651152,-0.26169412569508604,-0.01023866786305671,0.06302048355512871,-0.004166605839085882,0.04578697052718275
C.T.3*C.VWC.3,"C.T.sp.l, C.T.sp.0, C.T.sp.1","C.VWC.sp.l, C.VWC.sp.0, C.VWC.sp.1",-5281.375236401462,0.29834104096199787,0,POSE,growth,-0.3574359927648832,0.7898768084210318,-0.14730081687907953,-0.2614076730210719,-0.009775304526567176,0.06107147817154535,0.026138204813201824,0.010232915737717238
