climate_effects,Temperature,VWC,out_of_sample_lppd,out_of_sample_mse,ndiv,spp,vr,beta[1],beta[2],beta[3],beta[4],beta[5],beta[6],beta[7],beta[8]
C.T.3*C.VWC.3,"C.T.sp.l, C.T.sp.0, C.T.sp.1","C.VWC.sp.l, C.VWC.sp.0, C.VWC.sp.1",-2944.183511325784,0.1432609733030279,0,POSE,survival,1.7287087663159304,1.5818853565691722,-0.3439820878550286,-1.5105985782132256,0.023824112658213686,0.17625203331168565,0.3107987657085417,-0.22106632701209175
C.T.2*C.VWC.2,"C.T.sp.0, C.T.sp.1","C.VWC.sp.0, C.VWC.sp.1",-2985.361374294676,0.1457133499165472,0,POSE,survival,1.6940600769930816,1.585183905949194,-0.33384148080772225,-1.509462709047401,0.024154245166433812,0.20480302993893995,0.25112438670920645,-0.1674174888184054
C.T.7*C.VWC.7,"C.T.sp.l, C.T.sp.0, C.T.sp.1, C.T.f.1, C.T.f.0, C.T.su.1, C.T.su.0","C.VWC.sp.l, C.VWC.sp.0, C.VWC.sp.1, C.VWC.f.1, C.VWC.f.0, C.VWC.su.1, C.VWC.su.0",-2985.8924158907157,0.14625544093386403,0,POSE,survival,1.7012384561902412,1.5927025402243578,-0.331529379143214,-1.5003349090468916,0.023848413497341993,0.26643602386919907,0.2772089275817293,-0.1267595132535479
NULL,NA,NA,-2988.2983517124344,0.14501842086164585,0,POSE,survival,1.6039543920207033,1.5812023614814188,-0.3293423581286582,-1.500448782913097,0.024184299875017884,NA,NA,NA
C.T.1*C.VWC.1,C.T.sp.1,C.VWC.sp.1,-3001.090848358584,0.14576292737291477,0,POSE,survival,1.6276363653814119,1.5871410500261833,-0.33102531498643123,-1.5026155748635002,0.02425397602486569,-0.006980461798814486,0.18689540718700434,-0.14579402853547085
C.T.4*C.VWC.4,"C.T.sp.1, C.T.su.1","C.VWC.sp.1, C.VWC.su.1",-3021.3272066134846,0.1468377342577267,0,POSE,survival,1.6509393087372495,1.5851663526891029,-0.33517591386258977,-1.5017680786279024,0.02401451616682504,-0.0014100322475324163,0.1645518787938813,-0.12794322165969188
C.T.6*C.VWC.6,"C.T.sp.l, C.T.sp.0, C.T.sp.1, C.T.su.1, C.T.su.0","C.VWC.sp.l, C.VWC.sp.0, C.VWC.sp.1, C.VWC.su.1, C.VWC.su.0",-3025.7889168848956,0.14667984357166025,0,POSE,survival,1.7597024443993157,1.585590610010938,-0.34170227490858107,-1.5105881823891711,0.02401812477124218,0.23849503864494823,0.2918400056182491,-0.19728827904070542
C.T.5*C.VWC.5,"C.T.sp.1, C.T.f.1, C.T.su.1","C.VWC.sp.1, C.VWC.f.1, C.VWC.su.1",-3063.2946203603087,0.15055048510942204,0,POSE,survival,1.6374890914963456,1.5871821481219381,-0.3346133154329379,-1.4999925939292347,0.024731226196269995,-0.10863003226536654,0.15561381241270564,-0.14737636223161366
