climate_effects,Temperature,VWC,out_of_sample_lppd,out_of_sample_mse,ndiv,spp,vr,beta[1],beta[2],beta[3],beta[4],beta[5],beta[6],beta[7],beta[8]
C.T.1*C.VWC.1,C.T.sp.1,C.VWC.sp.1,-2676.2762258385596,0.09764035105678077,0,PSSP,survival,2.3216768590773906,2.809430534495194,-0.45548598456509914,-0.8262482813431112,0.1349439782720194,0.11910142815362204,0.3627966753007328,0.36874694983743167
C.T.4*C.VWC.4,"C.T.sp.1, C.T.su.1","C.VWC.sp.1, C.VWC.su.1",-2692.7576395657584,0.09846972454324895,0,PSSP,survival,2.325552691376413,2.808409235169522,-0.4645268574144028,-0.8223062550325599,0.13258411863772201,-6.97374659177151e-4,0.36088901891038633,0.4214448383302043
C.T.2*C.VWC.2,"C.T.sp.0, C.T.sp.1","C.VWC.sp.0, C.VWC.sp.1",-2701.14263059242,0.10119018503005547,0,PSSP,survival,2.327317790151723,2.8080047312856586,-0.45919721426717064,-0.8204429584182029,0.13315400357121002,-0.0638118791948018,0.5696773520550429,0.3280222650594883
NULL,NA,NA,-2779.9854647134434,0.10101853074684937,0,PSSP,survival,2.349940241843671,2.7649034390382643,-0.4731241567658428,-0.8129891372183197,0.12106452697970649,NA,NA,NA
C.T.3*C.VWC.3,"C.T.sp.l, C.T.sp.0, C.T.sp.1","C.VWC.sp.l, C.VWC.sp.0, C.VWC.sp.1",-2797.185941462618,0.10356342987174112,0,PSSP,survival,2.402718266638912,2.768945775024288,-0.4922261176193049,-0.8233502675072993,0.13207771034105076,0.12689678578560354,0.49146436747551475,0.36441929117006
C.T.6*C.VWC.6,"C.T.sp.l, C.T.sp.0, C.T.sp.1, C.T.su.1, C.T.su.0","C.VWC.sp.l, C.VWC.sp.0, C.VWC.sp.1, C.VWC.su.1, C.VWC.su.0",-2822.4396412185656,0.10589086251461222,0,PSSP,survival,2.4083954608648828,2.780574134865929,-0.49061262390302807,-0.8197274824686143,0.12885905733468847,0.14290813382184847,0.5626670741608507,0.4120415343848653
C.T.7*C.VWC.7,"C.T.sp.l, C.T.sp.0, C.T.sp.1, C.T.f.1, C.T.f.0, C.T.su.1, C.T.su.0","C.VWC.sp.l, C.VWC.sp.0, C.VWC.sp.1, C.VWC.f.1, C.VWC.f.0, C.VWC.su.1, C.VWC.su.0",-2849.838267657153,0.10608769944801609,0,PSSP,survival,2.3802239417958466,2.7923209976950996,-0.4891117547622229,-0.8182729913060336,0.1272706261862075,0.15964301262118505,0.54255965971659,0.48852869694349305
C.T.5*C.VWC.5,"C.T.sp.1, C.T.f.1, C.T.su.1","C.VWC.sp.1, C.VWC.f.1, C.VWC.su.1",-2896.4850084541663,0.1050391575918274,0,PSSP,survival,2.2818717002028426,2.817056993958717,-0.46808106103793046,-0.8171922950722922,0.12925708235032166,-0.03481415392667179,0.46785950227709955,0.5091489273982268
