climate_effects,Temperature,VWC,out_of_sample_lppd,out_of_sample_mse,ndiv,spp,vr,beta[1],beta[2],beta[3],beta[4],beta[5],beta[6],beta[7],beta[8]
C.T.4*C.VWC.4,"C.T.sp.1, C.T.su.1","C.VWC.sp.1, C.VWC.su.1",-4477.462798957796,0.29313486985897563,0,PSSP,growth,-0.6341490998810665,1.0508802742797458,-0.20320106015872372,-0.16627220057046094,-0.049869065324066875,-0.01673598315911577,-0.018652163940079562,0.06549965516520048
NULL,NA,NA,-4492.484980483435,0.2947311618540915,0,PSSP,growth,-0.6314688379207456,1.0496941412549514,-0.20177478654700198,-0.16690545858646377,-0.049740474074308316,NA,NA,NA
C.T.2*C.VWC.2,"C.T.sp.0, C.T.sp.1","C.VWC.sp.0, C.VWC.sp.1",-4504.235394883769,0.2926316727356025,0,PSSP,growth,-0.628486396315529,1.0509033787579571,-0.20106342821621295,-0.166815956729408,-0.04955342327503925,-0.02525066504067186,-0.026238958002970467,0.05249365321704616
C.T.1*C.VWC.1,C.T.sp.1,C.VWC.sp.1,-4509.568068006973,0.2929198089476975,0,PSSP,growth,-0.6280480876306817,1.0511143865664891,-0.20340767869044307,-0.16727424212768097,-0.04986559871696182,-0.0014708147393133525,-0.020268648309894423,0.05852215528967886
C.T.7*C.VWC.7,"C.T.sp.l, C.T.sp.0, C.T.sp.1, C.T.f.1, C.T.f.0, C.T.su.1, C.T.su.0","C.VWC.sp.l, C.VWC.sp.0, C.VWC.sp.1, C.VWC.f.1, C.VWC.f.0, C.VWC.su.1, C.VWC.su.0",-4527.111641674175,0.29744051004080635,0,PSSP,growth,-0.6343198101116397,1.05016212536313,-0.2017956855324938,-0.16746286502218816,-0.049620475605079276,-0.04881098639250385,-0.0279322739943629,0.02959542071758487
C.T.3*C.VWC.3,"C.T.sp.l, C.T.sp.0, C.T.sp.1","C.VWC.sp.l, C.VWC.sp.0, C.VWC.sp.1",-4546.232029872748,0.29414814804239664,0,PSSP,growth,-0.627705825107178,1.0511697512745977,-0.20097443620460598,-0.16738584710502566,-0.049325674640343035,-0.02331025156200248,-0.026838030270792287,0.03762077524295194
C.T.6*C.VWC.6,"C.T.sp.l, C.T.sp.0, C.T.sp.1, C.T.su.1, C.T.su.0","C.VWC.sp.l, C.VWC.sp.0, C.VWC.sp.1, C.VWC.su.1, C.VWC.su.0",-4560.575601509617,0.2981363318171135,0,PSSP,growth,-0.6329261975700143,1.0512011288875,-0.20043917383047288,-0.16672569428919654,-0.04935163872174353,-0.04748160826319924,-0.023063011057343926,0.014213173150854727
C.T.5*C.VWC.5,"C.T.sp.1, C.T.f.1, C.T.su.1","C.VWC.sp.1, C.VWC.f.1, C.VWC.su.1",-4571.007842753604,0.29221715598603176,0,PSSP,growth,-0.6366751239686622,1.0502680859554427,-0.20440816444964133,-0.16643604701286616,-0.05010475848632949,-0.009635839180170393,-0.014409295051411026,0.06864905027287957
