climate_effects,Temperature,VWC,out_of_sample_lppd,out_of_sample_mse,ndiv,spp,vr,beta[1],beta[2],beta[3],beta[4],beta[5],beta[6],beta[7],beta[8]
NULL,NA,NA,-4471.051626745088,0.29671689459494555,0,PSSP,growth,-0.6318023433969218,1.0502116611028143,-0.2015274903932089,-0.16697938953484553,-0.04976118490715966,NA,NA,NA
C.T.4*C.VWC.4,"C.T.sp.1, C.T.su.1","C.VWC.sp.1, C.VWC.su.1",-4476.5070824428485,0.2941943266690587,0,PSSP,growth,-0.6335789297692637,1.051223028347069,-0.20258201923314642,-0.16644773923342177,-0.04994637302553371,-0.01672536033961271,-0.01952055474283468,0.06524190670657684
C.T.1*C.VWC.1,C.T.sp.1,C.VWC.sp.1,-4500.504184183586,0.2942735993517226,0,PSSP,growth,-0.6278553681776557,1.0510606004259104,-0.20336095794606665,-0.16738050392994225,-0.04993675236792165,-0.0020290695214683283,-0.02003480895976042,0.0581708059547199
C.T.2*C.VWC.2,"C.T.sp.0, C.T.sp.1","C.VWC.sp.0, C.VWC.sp.1",-4504.292000745322,0.29468096839733515,0,PSSP,growth,-0.629191776599518,1.051439915305389,-0.2016882806466209,-0.16704297127756668,-0.049547013544732676,-0.024166968378257585,-0.026647957699026774,0.05251719266760088
C.T.5*C.VWC.5,"C.T.sp.1, C.T.f.1, C.T.su.1","C.VWC.sp.1, C.VWC.f.1, C.VWC.su.1",-4537.385642385263,0.29468434281996,0,PSSP,growth,-0.6373911639017107,1.0503107852147417,-0.2038466134989246,-0.16657908765108478,-0.050081543792292293,-0.00913427613020444,-0.014261867964356734,0.07102196686729728
C.T.7*C.VWC.7,"C.T.sp.l, C.T.sp.0, C.T.sp.1, C.T.f.1, C.T.f.0, C.T.su.1, C.T.su.0","C.VWC.sp.l, C.VWC.sp.0, C.VWC.sp.1, C.VWC.f.1, C.VWC.f.0, C.VWC.su.1, C.VWC.su.0",-4559.780625624284,0.2972887151475564,0,PSSP,growth,-0.6337275873828497,1.0505468999170917,-0.20101275532490456,-0.16775246565157223,-0.04956926507854351,-0.04965486053501277,-0.02630223335036173,0.029342830252188055
C.T.6*C.VWC.6,"C.T.sp.l, C.T.sp.0, C.T.sp.1, C.T.su.1, C.T.su.0","C.VWC.sp.l, C.VWC.sp.0, C.VWC.sp.1, C.VWC.su.1, C.VWC.su.0",-4562.509236975859,0.2977100000405018,0,PSSP,growth,-0.6319093088857116,1.0510622463753059,-0.20030690299460185,-0.16695858354427023,-0.0493291001171608,-0.049117691998541914,-0.021098656389717935,0.012883775925687553
C.T.3*C.VWC.3,"C.T.sp.l, C.T.sp.0, C.T.sp.1","C.VWC.sp.l, C.VWC.sp.0, C.VWC.sp.1",-4573.0328125761725,0.29535988793602214,0,PSSP,growth,-0.6264926093610492,1.0510092213769342,-0.2012736634538581,-0.16741816569167692,-0.049305295223881905,-0.025392108040867743,-0.025650149102121315,0.03553669196021451
