climate_effects,Temperature,VWC,out_of_sample_lppd,out_of_sample_mse,ndiv,spp,vr,beta[1],beta[2],beta[3],beta[4],beta[5],beta[6],beta[7],beta[8]
C.T.1*C.VWC.1,C.T.sp.1,C.VWC.sp.1,-2644.0383549652474,0.0930877831691043,0,PSSP,survival,2.3212344004122873,2.81078581662789,-0.45519038194748074,-0.8255203728685712,0.13515717285233977,0.12253961742316885,0.36858239400794846,0.37038988106206766
C.T.4*C.VWC.4,"C.T.sp.1, C.T.su.1","C.VWC.sp.1, C.VWC.su.1",-2675.623203399021,0.09389733301898501,0,PSSP,survival,2.320517260314001,2.8105097746219085,-0.46107548357296735,-0.8223669268851319,0.1324597246570484,0.006952272699737909,0.3659756123491724,0.4240494860531071
C.T.2*C.VWC.2,"C.T.sp.0, C.T.sp.1","C.VWC.sp.0, C.VWC.sp.1",-2676.546939201785,0.09439696398283022,0,PSSP,survival,2.3242315889133027,2.8084064983162533,-0.4589270388736078,-0.8203361520261221,0.13346014283843535,-0.052302123851084334,0.5737509154305259,0.33322940627556435
NULL,NA,NA,-2757.697330995809,0.09738580872355623,0,PSSP,survival,2.3534823839323167,2.767412768462615,-0.4710040615913519,-0.8126347927333473,0.12087312380840191,NA,NA,NA
C.T.3*C.VWC.3,"C.T.sp.l, C.T.sp.0, C.T.sp.1","C.VWC.sp.l, C.VWC.sp.0, C.VWC.sp.1",-2766.6294108501797,0.09633357810686496,0,PSSP,survival,2.4001101072642212,2.7670376284859453,-0.4885506466113101,-0.8233378431035852,0.13225944975005063,0.13642229551376417,0.4964130385551466,0.3648430439805246
C.T.6*C.VWC.6,"C.T.sp.l, C.T.sp.0, C.T.sp.1, C.T.su.1, C.T.su.0","C.VWC.sp.l, C.VWC.sp.0, C.VWC.sp.1, C.VWC.su.1, C.VWC.su.0",-2769.233961727988,0.09693711867553616,0,PSSP,survival,2.4082299591290566,2.783542357593009,-0.4887323227539395,-0.8193053927351772,0.1290262841130676,0.14574476430933503,0.5614523755250012,0.4103140258255508
C.T.7*C.VWC.7,"C.T.sp.l, C.T.sp.0, C.T.sp.1, C.T.f.1, C.T.f.0, C.T.su.1, C.T.su.0","C.VWC.sp.l, C.VWC.sp.0, C.VWC.sp.1, C.VWC.f.1, C.VWC.f.0, C.VWC.su.1, C.VWC.su.0",-2802.468450742075,0.09817962232770129,0,PSSP,survival,2.3788669730003362,2.7973031910339192,-0.4844238271443162,-0.8180866413936418,0.12772967032550564,0.1628123585029673,0.5457659720207624,0.4804545808506193
C.T.5*C.VWC.5,"C.T.sp.1, C.T.f.1, C.T.su.1","C.VWC.sp.1, C.VWC.f.1, C.VWC.su.1",-2890.306734344812,0.10356601017791885,0,PSSP,survival,2.2884380871401238,2.821643635586674,-0.46198896756280816,-0.8168368474235858,0.12961760823645718,-0.05106441215874893,0.48004764226652463,0.4948300280584241
