climate_effects,Temperature,VWC,out_of_sample_lppd,out_of_sample_mse,ndiv,spp,vr,beta[1],beta[2],beta[3],beta[4],beta[5],beta[6],beta[7],beta[8]
NULL,NA,NA,-4409.599124673184,0.2979824910349872,0,PSSP,growth,-0.6323200481391016,1.0507937968755001,-0.20145255463224052,-0.16710454353184984,-0.049874726321838564,NA,NA,NA
C.T.4*C.VWC.4,"C.T.sp.1, C.T.su.1","C.VWC.sp.1, C.VWC.su.1",-4411.364343140238,0.29562828089991633,0,PSSP,growth,-0.6347476797540342,1.0510431034805108,-0.20264028836767445,-0.16670362911913567,-0.049899740246517665,-0.01828298463833017,-0.019011343372131385,0.06438629209600996
C.T.2*C.VWC.2,"C.T.sp.0, C.T.sp.1","C.VWC.sp.0, C.VWC.sp.1",-4412.112195845652,0.2958903138996132,0,PSSP,growth,-0.6291175403724502,1.0508960921212747,-0.20087045076794655,-0.16725796258976267,-0.049561280634952916,-0.02402026893027809,-0.025640786078963963,0.05264213907402704
C.T.1*C.VWC.1,C.T.sp.1,C.VWC.sp.1,-4438.755386466073,0.29707697019214346,0,PSSP,growth,-0.6294102034468435,1.0512092817086114,-0.20293042032763295,-0.16752889041720312,-0.049881976278351114,-0.0026018165158617893,-0.020721947904667724,0.05657560584201237
C.T.7*C.VWC.7,"C.T.sp.l, C.T.sp.0, C.T.sp.1, C.T.f.1, C.T.f.0, C.T.su.1, C.T.su.0","C.VWC.sp.l, C.VWC.sp.0, C.VWC.sp.1, C.VWC.f.1, C.VWC.f.0, C.VWC.su.1, C.VWC.su.0",-4443.968632193362,0.2984284315903586,0,PSSP,growth,-0.6334843447725311,1.0500930958851837,-0.20117397049443766,-0.1678080709115039,-0.04964862201378694,-0.05029898929737609,-0.028140800706187876,0.029400852935363424
C.T.6*C.VWC.6,"C.T.sp.l, C.T.sp.0, C.T.sp.1, C.T.su.1, C.T.su.0","C.VWC.sp.l, C.VWC.sp.0, C.VWC.sp.1, C.VWC.su.1, C.VWC.su.0",-4450.243469644728,0.2977269630835482,0,PSSP,growth,-0.631999087689991,1.0511389733973147,-0.19976704479853968,-0.16700652306906297,-0.04936910194271937,-0.04859212871388232,-0.02254973202751623,0.014247778895987741
C.T.3*C.VWC.3,"C.T.sp.l, C.T.sp.0, C.T.sp.1","C.VWC.sp.l, C.VWC.sp.0, C.VWC.sp.1",-4453.113452922458,0.296118786570018,0,PSSP,growth,-0.6284571512743643,1.0516274796202907,-0.2007251971158529,-0.16756799106146558,-0.04932892462018157,-0.02276301194337793,-0.02668732411707077,0.03821659961757782
C.T.5*C.VWC.5,"C.T.sp.1, C.T.f.1, C.T.su.1","C.VWC.sp.1, C.VWC.f.1, C.VWC.su.1",-4486.277610534175,0.29446400724608096,0,PSSP,growth,-0.6366606124276716,1.049821096688246,-0.20352427640987394,-0.1667983450681533,-0.05012984488667001,-0.009746701226692571,-0.014376222455928006,0.0672607845755735
