"ARTR","HECO","POSE","PSSP"
6.20029209473204,2.1427975948056,1.42054210181358,1.13364131395032
0,2.22026719535884,1.35146125901689,0.968204483751813
0,2.33609472154293,1.01157604543456,2.49072867180429
