"ARTR","HECO","POSE","PSSP"
3.47924676027104,1.9313500454911,1.3475749279458,0.957672791622658
0,1.9567669375645,1.34997047355725,0.937777300139233
0,2.87162185225049,2.05625123276294,1.70753945224334
