"ARTR","HECO","POSE","PSSP"
2.30258244163138,2.52028015731181,1.40793529785273,0.8201486675004
0,2.80339217715553,1.49660001769711,0.826963226299287
0,3.01117303770795,0.846488531942088,1.40006373819403
