"ARTR","HECO","POSE","PSSP"
4.33801899593448,1.74240328677072,1.35611471557879,0.995795870229574
0,2.04502089046646,1.42198637407068,0.906445929411085
0,7.68275317634861,1.95510635607466,1.71377975230071
