"ARTR","HECO","POSE","PSSP"
6.18283175858922,2.17438973764129,1.4343225034085,1.22582046259399
0,2.35514178590358,1.34613099003921,1.00118952852848
0,2.09042412237878,1.06002729007004,2.51221756323125
