"ARTR","HECO","POSE","PSSP"
3.47924676027104,1.9313500454911,1.3475749279458,0.957672791622658
0,1.9567669375645,1.34997047355725,0.937777300139233
0,9.31489293048682,1.98103324619749,1.60354454379775
