"ARTR","HECO","POSE","PSSP"
3.70880141211122,2.18525478537841,1.40234357072717,1.03927741048613
0,2.00420435370003,1.2699212654516,0.900570307071913
0,1.17386450542037,1.28209024146296,2.72124338716829
