"ARTR","HECO","POSE","PSSP"
4.32227085956277,2.14060721959912,1.40357409252579,1.08103281724435
0,2.20136140231298,1.39935119422471,0.991865309033206
0,1.20602311193552,1.40131467455168,3.0861448535236
