"ARTR","HECO","POSE","PSSP"
6.01503597082084,2.27713009068459,1.3683422862008,1.20571490346865
0,2.14321931724296,1.36215399377585,0.979802039073136
0,0.152478324688246,0.745235319583812,4.02836025843588
