"ARTR","HECO","POSE","PSSP"
4.82673295971058,2.08365277294807,1.33689972553192,1.1551202253908
0,2.05935814150225,1.29339224178309,1.00781826859414
0,5.27282375144351,0.57905901942847,1.42839989486803
