"ARTR","HECO","POSE","PSSP"
1.96987187183436,2.47682227696165,1.34457971275548,0.829747352753754
0,2.55196037160298,1.44008213021091,0.845712739722565
0,3.06747553406882,0.956894606290979,1.48221311714041
