"ARTR","HECO","POSE","PSSP"
6.18283175858922,2.17438973764129,1.4343225034085,1.22582046259399
0,2.35514178590358,1.34613099003921,1.00118952852848
0,0.160294230624197,0.735001369532912,4.24649919345492
