"ARTR","HECO","POSE","PSSP"
3.79079963394009,2.27029421127045,1.3698640002767,1.05581582312781
0,2.10708947843876,1.34866779589436,0.999133918016293
0,2.42287388153121,1.09026986731554,2.43752688601038
