"ARTR","HECO","POSE","PSSP"
5.38338104518879,1.6765948753602,0.914610322120291,0.904242878856571
0,3.20739453534692,1.75739931980726,0.813317106120592
0,2.20705876309609,1.07377666421903,1.5307308079357
