"ARTR","HECO","POSE","PSSP"
2.80807889306663,2.29627487048188,1.40620104249103,0.941077205926334
0,2.44493039062561,1.37744976937366,1.00659872846882
0,2.79361621943348,0.883438553861023,2.53757556844399
