"ARTR","HECO","POSE","PSSP"
6.01503597082084,2.27713009068459,1.3683422862008,1.20571490346865
0,2.14321931724296,1.36215399377585,0.979802039073136
0,2.24461231653146,1.00475247107017,2.49677398468975
