"ARTR","HECO","POSE","PSSP"
2.64002325724992,2.45370195447436,1.4376959679703,1.024663340322
0,2.37730353201678,1.41200318889174,0.951110585148129
0,2.62425110171506,0.86488607850685,2.52357118380424
