"ARTR","HECO","POSE","PSSP"
3.82256942083049,2.23466498442461,1.38730278392127,1.1150086345882
0,2.04348212221564,1.31623709715185,0.945002399255243
0,2.38802470286782,1.10414811757504,2.70526957960965
0,3.35123665404107,0.958673514432011,0
