"ARTR","HECO","POSE","PSSP"
3.90355689032657,2.14845637405683,1.38273697718508,1.17987479153827
0,2.03851811131414,1.31032456772031,1.0113862486593
0,2.42073229557699,1.06991861875312,2.58275152799342
0,3.41349467623649,0.921211940852276,0
