"ARTR","HECO","POSE","PSSP"
3.64550612847738,2.15322428089474,1.40214307777268,1.13829519783157
0,2.06159565560425,1.31722064150843,0.954452579055384
0,5.21756159794423,0.620061252318148,1.48678602687313
