"ARTR","HECO","POSE","PSSP"
3.04314730440413,2.56223350024398,1.53493299434336,0.999189492956124
0,2.55199652822485,1.52790657665846,0.945663788806541
0,2.75749747802056,0.856000005532854,2.60762270973264
