"year","ARTR","HECO","POSE","PSSP","ARTRpred","HECOpred","POSEpred","PSSPpred"
2011,1113.28748331145,457.145292099074,98.52937079569,228.372466228657,1113.28748331145,457.145292099074,98.52937079569,228.372466228657
2012,887.380751005705,380.526249076551,206.971211010654,126.582244191963,1475.48800760564,282.73268032252,154.637758738341,171.352752908227
2013,1161.97628874794,281.75096229118,191.933759863791,141.391607352179,1977.61862238289,239.968521096906,174.976954946751,193.560187900292
2014,1328.61158082711,434.959570781543,285.413210893855,311.517764623825,2662.10203559598,253.245259572469,117.452189190199,170.785588340796
2015,1467.38634142187,275.045198803486,156.408575676258,125.829392468369,3187.72241987222,124.447974038427,71.4996284798187,103.807180160671
