"year","ARTR","HECO","POSE","PSSP","ARTRpred","HECOpred","POSEpred","PSSPpred"
2011,1113.28748331145,457.145292099074,98.52937079569,228.372466228657,1113.28748331145,457.145292099074,98.52937079569,228.372466228657
2012,887.380751005705,380.526249076551,206.971211010654,126.582244191963,1422.28325623145,283.181112485926,154.575445146002,172.57086812264
2013,1161.97628874794,281.75096229118,191.933759863791,141.391607352179,1849.88369556882,242.114836269372,176.057047343455,193.575757375097
2014,1328.61158082711,434.959570781543,285.413210893855,311.517764623825,2418.53423497596,256.884740271883,119.122510154243,173.294574382103
2015,1467.38634142187,275.045198803486,156.408575676258,125.829392468369,2804.85860457642,125.523620375593,73.4552284731204,106.120816899012
