"year","ARTR","HECO","POSE","PSSP","ARTRpred","HECOpred","POSEpred","PSSPpred"
2011,0,270.602835593335,118.353660280803,136.383914777507,0,270.602835593335,118.353660280803,136.383914777507
2012,0,236.759615584407,127.675388667922,144.732874081772,0,242.789861119312,129.736033997237,105.094659789128
2013,0,463.227144847253,43.015659010698,196.778258273455,0,271.86377823805,125.736063570862,122.307639171841
2014,27.524940915213,313.027773558283,59.4623384771915,126.130998664409,0,359.297265622848,72.1671001691413,110.701363693618
2015,27.048965303501,231.047153727864,78.1699925346275,121.288418171222,0,199.094289470592,34.8375080504415,70.095922370796
