"year","ARTR","HECO","POSE","PSSP","ARTRpred","HECOpred","POSEpred","PSSPpred"
2011,0,270.602835593335,118.353660280803,136.383914777507,0,270.602835593335,118.353660280803,136.383914777507
2012,0,236.759615584407,127.675388667922,144.732874081772,0,239.247576635141,130.491212044851,105.79297531673
2013,0,463.227144847253,43.015659010698,196.778258273455,0,265.200150789931,127.162959200725,122.448037018839
2014,27.524940915213,313.027773558283,59.4623384771915,126.130998664409,0,347.778352468906,73.4313962785169,112.372144480096
2015,27.048965303501,231.047153727864,78.1699925346275,121.288418171222,0,190.565780254926,35.7623388083966,71.5157666854176
