"year","ARTR","HECO","POSE","PSSP","ARTRpred","HECOpred","POSEpred","PSSPpred"
2011,2049.54093749819,147.434813381886,194.216393546245,73.6517606342345,2049.54093749819,147.434813381886,194.216393546245,73.6517606342345
2012,2269.25925996164,123.020964321008,289.190045345104,75.5941847699775,2236.18632798179,128.295729724547,264.20767280005,66.6035020271323
2013,2267.70438976049,157.180461317968,412.327748079636,112.961336009783,2608.63884329777,117.246468831198,279.293515739975,84.7057476510774
2014,2504.13114817631,81.8586504631595,482.066942175749,107.720923822423,2895.5027340338,137.152073306585,176.266067479863,81.1644048306685
2015,2580.8071174582,45.523464089424,163.178170743483,30.084378936096,3364.36248273289,79.7288820556398,101.024644076897,56.1395885547632
