"year","ARTR","HECO","POSE","PSSP","ARTRpred","HECOpred","POSEpred","PSSPpred"
2011,2049.54093749819,147.434813381886,194.216393546245,73.6517606342345,2049.54093749819,147.434813381886,194.216393546245,73.6517606342345
2012,2269.25925996164,123.020964321008,289.190045345104,75.5941847699775,2140.02015386165,128.536775105203,263.924863516361,67.1981773779832
2013,2267.70438976049,157.180461317968,412.327748079636,112.961336009783,2418.35888993143,117.260848331581,280.790216547119,84.6968016215222
2014,2504.13114817631,81.8586504631595,482.066942175749,107.720923822423,2601.38172219828,137.84425563738,176.87231032597,82.125127305871
2015,2580.8071174582,45.523464089424,163.178170743483,30.084378936096,2916.62818205112,79.8945198822775,102.139091671477,56.879367342597
