"year","ARTR","HECO","POSE","PSSP","ARTRpred","HECOpred","POSEpred","PSSPpred"
2011,0,6.408826740696,110.61381329204,1.25,0,6.408826740696,110.61381329204,1.25
2012,0,25.262444663771,200.661468617206,4.17145270889401,0,11.8454158507614,139.393091976207,0.494020416537279
2013,0,20.219154481513,228.028562904216,6.66162353162,0,10.5764870526783,144.716378354635,0.0956348857785602
2014,3.3113045555735,22.0428133605515,118.282435650297,0,0,13.3513888362503,89.3683751484298,0
2015,49.093986703446,55.746034362998,85.4552428670445,0,0,9.86527549177653,49.4740130327111,0
