"year","ARTR","HECO","POSE","PSSP","ARTRpred","HECOpred","POSEpred","PSSPpred"
2011,0,282.739173926623,312.577766880397,283.070420726679,0,282.739173926623,312.577766880397,283.070420726679
2012,0,281.364912768769,370.239304885403,193.799996133137,0,211.073235713983,330.771137487148,227.544940261787
2013,0,274.682815564806,417.065451678567,269.851634249554,0,190.016924829945,318.764979928902,267.272794750834
2014,0,576.889249359834,374.538712956649,326.505617584396,0,212.415309728719,184.282557957301,240.663560742943
2015,0,168.775766764257,112.315052489462,108.661482945247,0,110.671009135239,88.1768761386754,151.596223611409
