"year","ARTR","HECO","POSE","PSSP","ARTRpred","HECOpred","POSEpred","PSSPpred"
2011,0,282.739173926623,312.577766880397,283.070420726679,0,282.739173926623,312.577766880397,283.070420726679
2012,0,281.364912768769,370.239304885403,193.799996133137,0,211.52366813444,330.821998963607,228.983222879317
2013,0,274.682815564806,417.065451678567,269.851634249554,0,191.619283309872,322.300431460391,266.079822508123
2014,0,576.889249359834,374.538712956649,326.505617584396,0,215.448248448592,186.689446217674,243.080173819665
2015,0,168.775766764257,112.315052489462,108.661482945247,0,112.858739828572,89.9255905124751,154.317918785896
