"year","ARTR","HECO","POSE","PSSP","ARTRpred","HECOpred","POSEpred","PSSPpred"
2011,65.176453248835,285.063737914029,667.354831840782,184.266132717715,65.176453248835,285.063737914029,667.354831840782,184.266132717715
2012,107.918152524853,255.664625531638,1100.37937672523,234.89525814685,73.6090776850414,231.047403037043,545.09773946257,132.496820080903
2013,63.2418383022435,217.772267454581,1046.53178894439,149.471202045523,80.5784828736902,255.5415674207,510.506634192193,143.856095401956
2014,101.95288958885,461.368417819855,563.751848820486,329.8309905701,107.225344531408,335.519824815912,294.316115795477,123.050198167944
2015,44.775826217445,319.240335155452,23.5644333130215,85.5579132244835,99.2075609542067,169.376682893626,144.231531379864,70.920446723345
