"year","ARTR","HECO","POSE","PSSP","ARTRpred","HECOpred","POSEpred","PSSPpred"
2011,1366.0704878039,26.1793130679045,111.726311265062,59.296994708904,1366.0704878039,26.1793130679045,111.726311265062,59.296994708904
2012,1249.31322689537,33.693790050074,152.950461625203,39.0372348300375,1097.17185367869,27.1585080846272,49.00222240421,54.4631332073539
2013,1121.002714829,37.936134973062,261.357863038362,87.294211960953,969.682453560716,22.8553723471152,58.2251397268156,71.2289458580692
2014,1568.27952373334,83.553052720485,393.177086784226,140.706400538221,931.428354191256,25.9947797486457,40.5830498879702,72.2642701339822
2015,953.575761414188,21.3787783212,180.858188341813,53.9451307637185,796.045095206346,14.4580799934604,31.2478213558979,53.0569889800151
