"year","ARTR","HECO","POSE","PSSP","ARTRpred","HECOpred","POSEpred","PSSPpred"
2011,1366.0704878039,26.1793130679045,111.726311265062,59.296994708904,1366.0704878039,26.1793130679045,111.726311265062,59.296994708904
2012,1249.31322689537,33.693790050074,152.950461625203,39.0372348300375,1133.08747777813,27.4902553342499,49.1481982034158,53.8461536563391
2013,1121.002714829,37.936134973062,261.357863038362,87.294211960953,1022.43979287431,23.6967993685668,58.393878933242,70.8358645101828
2014,1568.27952373334,83.553052720485,393.177086784226,140.706400538221,1002.70143478016,26.8696608622997,41.5005984254822,71.1000342798706
2015,953.575761414188,21.3787783212,180.858188341813,53.9451307637185,877.59697546598,14.63944328852,32.0489825503012,51.8496494806911
