"year","ARTR","HECO","POSE","PSSP","ARTRpred","HECOpred","POSEpred","PSSPpred"
2011,828.240482989502,0,0,30.0957367371945,828.240482989502,0,0,30.0957367371945
2012,1815.15995001082,0,0,21.013131767731,709.583446620836,0,0,29.6770977462613
2013,2090.48482134242,0,0,62.613702184421,667.735469384065,0,0,39.4423790430746
2014,1471.56062253597,0,0,76.5636059882035,635.941909122289,0,0,40.4319447726321
2015,1555.92182092477,0,0,62.3795790045645,566.972911452903,0,0,29.5556741295206
