"year","ARTR","HECO","POSE","PSSP","ARTRpred","HECOpred","POSEpred","PSSPpred"
2011,828.240482989502,0,0,30.0957367371945,828.240482989502,0,0,30.0957367371945
2012,1815.15995001082,0,0,21.013131767731,737.37475038263,0,0,29.3592587036151
2013,2090.48482134242,0,0,62.613702184421,714.211370034135,0,0,39.3155031145168
2014,1471.56062253597,0,0,76.5636059882035,698.509103963086,0,0,39.8294278041249
2015,1555.92182092477,0,0,62.3795790045645,639.996477949924,0,0,28.9291865711381
