"year","ARTR","HECO","POSE","PSSP","ARTRpred","HECOpred","POSEpred","PSSPpred"
2011,3932.70061905214,0,88.4372535330045,218.039106567053,3932.70061905214,0,88.4372535330045,218.039106567053
2012,3684.59087682976,0,147.357863007137,185.354708017922,2869.31152439865,0,124.610367846038,179.431447114432
2013,2617.92025786532,0,216.751469591086,358.647924129176,2441.23807293481,0,140.258478576124,210.37289054496
2014,1994.29002639639,0,199.058734644512,377.097512022318,1925.14688779013,0,92.865036841273,192.715790253695
2015,2213.37495290992,0,319.959933997577,379.554437490724,1682.25775946829,0,59.6214499682501,121.524967426225
