"year","ARTR","HECO","POSE","PSSP","ARTRpred","HECOpred","POSEpred","PSSPpred"
2011,3932.70061905214,0,88.4372535330045,218.039106567053,3932.70061905214,0,88.4372535330045,218.039106567053
2012,3684.59087682976,0,147.357863007137,185.354708017922,3007.77355823156,0,124.382455279805,178.027766378405
2013,2617.92025786532,0,216.751469591086,358.647924129176,2659.00645733626,0,138.191004752789,210.208680732997
2014,1994.29002639639,0,199.058734644512,377.097512022318,2163.86290823993,0,91.8949855555704,189.968835772171
2015,2213.37495290992,0,319.959933997577,379.554437490724,1954.93137122163,0,58.578956019906,118.7969101645
