"year","ARTR","HECO","POSE","PSSP","ARTRpred","HECOpred","POSEpred","PSSPpred"
2011,4485.99206033973,0,228.125153050994,42.393637329102,4485.99206033973,0,228.125153050994,42.393637329102
2012,4439.56058818482,0,428.809683010733,60.206393804151,3440.12919167382,0,244.680107114227,39.9715423960674
2013,3593.55922177358,0,470.108434373071,155.575401400829,3003.32830928734,0,236.121036523184,51.3527211700607
2014,3447.7666007839,0,260.597263245204,154.011985425987,2585.70803175737,0,134.297375736931,51.8417170800736
2015,4204.8418054742,0,113.305730342295,41.411111540262,2257.22851013338,0,61.6631380535468,37.1564089507133
