"year","ARTR","HECO","POSE","PSSP","ARTRpred","HECOpred","POSEpred","PSSPpred"
2011,4262.12472423719,0,79.5531456498205,179.728316066345,4262.12472423719,0,79.5531456498205,179.728316066345
2012,4716.65978167328,0,106.317697954284,102.26519398574,3374.42822208097,0,125.659577983863,122.538802037081
2013,4258.35174149639,0,121.447018718135,182.187745889182,3069.48157972907,0,137.268077381843,130.567918283518
2014,3956.84755289424,10.858134398476,86.618673457814,221.630362602034,2488.49270414991,0,89.8942281998683,111.916749817231
2015,3723.81387200627,0,40.5721128422235,148.439888493249,2330.12992758906,0,55.1573205910525,66.3257666575471
