"year","ARTR","HECO","POSE","PSSP","ARTRpred","HECOpred","POSEpred","PSSPpred"
2011,4262.12472423719,0,79.5531456498205,179.728316066345,4262.12472423719,0,79.5531456498205,179.728316066345
2012,4716.65978167328,0,106.317697954284,102.26519398574,3168.23107006833,0,125.540664668899,123.72977376673
2013,4258.35174149639,0,121.447018718135,182.187745889182,2735.82540101916,0,138.208389082737,131.644866396916
2014,3956.84755289424,10.858134398476,86.618673457814,221.630362602034,2126.05761989849,0,89.7887045609426,114.964837162344
2015,3723.81387200627,0,40.5721128422235,148.439888493249,1897.92631328854,0,55.8448667728632,68.1316753141174
