"year","ARTR","HECO","POSE","PSSP","ARTRpred","HECOpred","POSEpred","PSSPpred"
2011,3159.55450650289,0,253.941326844683,128.558146072289,3159.55450650289,0,253.941326844683,128.558146072289
2012,0,0,379.281358405225,241.599501182563,0,0,340.565231514114,153.390220561486
2013,0,0,576.250219068372,320.790351695359,0,0,384.23625157961,246.937573490168
2014,0,0,469.45183791209,620.055673976679,0,0,251.85052133422,293.608020217872
2015,0,0,454.41772752151,478.454228467832,0,0,119.100353426264,227.213219553783
