"year","ARTR","HECO","POSE","PSSP","ARTRpred","HECOpred","POSEpred","PSSPpred"
2011,3159.55450650289,0,253.941326844683,128.558146072289,3159.55450650289,0,253.941326844683,128.558146072289
2012,0,0,379.281358405225,241.599501182563,0,0,363.606317254951,164.136738686104
2013,0,0,576.250219068372,320.790351695359,0,0,433.956590393797,282.207109446687
2014,0,0,469.45183791209,620.055673976679,0,0,297.285194565082,339.726816463637
2015,0,0,454.41772752151,478.454228467832,0,0,138.97286213613,261.048838376974
