"year","ARTR","HECO","POSE","PSSP","ARTRpred","HECOpred","POSEpred","PSSPpred"
2011,2886.36585312484,18.9569886237285,226.239719139068,73.9386960471195,2886.36585312484,18.9569886237285,226.239719139068,73.9386960471195
2012,2557.92735632225,28.5919110610475,397.711567489787,74.899225614585,1722.33075966397,26.7811396037054,275.809060385017,72.7456681744197
2013,2520.04383301204,27.1651706599775,476.766231442146,131.593336008306,1397.31061028296,30.4094866558256,281.395910281829,96.6399354648382
2014,2153.99111059837,39.577445665466,176.378885776973,167.305409561624,1244.53251816663,43.5788950920634,171.344401631619,98.4947353410258
2015,2265.01964237267,62.716700383764,140.228948630066,157.76848645219,1066.15032499141,29.0210535442801,92.758891796378,70.5931222757074
