"year","ARTR","HECO","POSE","PSSP","ARTRpred","HECOpred","POSEpred","PSSPpred"
2011,2886.36585312484,18.9569886237285,226.239719139068,73.9386960471195,2886.36585312484,18.9569886237285,226.239719139068,73.9386960471195
2012,2557.92735632225,28.5919110610475,397.711567489787,74.899225614585,1796.23724227056,27.2941384340896,275.56067955541,71.9993908235584
2013,2520.04383301204,27.1651706599775,476.766231442146,131.593336008306,1506.79780107934,31.7492221555584,277.575428565361,96.3965818717229
2014,2153.99111059837,39.577445665466,176.378885776973,167.305409561624,1387.63597177938,46.3598408015961,168.368544941368,97.0326072569924
2015,2265.01964237267,62.716700383764,140.228948630066,157.76848645219,1234.00346067449,31.3387546398598,90.5393556363697,69.2374647927162
