"year","ARTR","HECO","POSE","PSSP","ARTRpred","HECOpred","POSEpred","PSSPpred"
2011,3941.85526635568,0,6.18173971415949,21.548314328677,3941.85526635568,0,6.18173971415949,21.548314328677
2012,0,0.25,9.043521466009,53.645755107934,0,0,13.4672827385176,27.7440785459278
2013,0,0,23.976162528042,114.974107981562,0,0,18.8103433576474,47.4245124690319
2014,0,0,0,53.837768167871,0,0,15.0464801215741,59.5621967487528
2015,0,0,0,149.428484750643,0,0,9.67245543887593,44.6317612110933
