"year","ARTR","HECO","POSE","PSSP","ARTRpred","HECOpred","POSEpred","PSSPpred"
2011,3941.85526635568,0,6.18173971415949,21.548314328677,3941.85526635568,0,6.18173971415949,21.548314328677
2012,0,0.25,9.043521466009,53.645755107934,0,0,10.5885513182042,18.9277241378633
2013,0,0,23.976162528042,114.974107981562,0,0,11.6766706295302,23.496065052615
2014,0,0,0,53.837768167871,0,0,7.374233197794,22.5021898575269
2015,0,0,0,149.428484750643,0,0,4.71153688930017,14.8398347850507
