"year","ARTR","HECO","POSE","PSSP","ARTRpred","HECOpred","POSEpred","PSSPpred"
2011,3941.85526635568,0,6.18173971415949,21.548314328677,3941.85526635568,0,6.18173971415949,21.548314328677
2012,0,0.25,9.043521466009,53.645755107934,0,0,10.5857451597386,19.1151716922761
2013,0,0,23.976162528042,114.974107981562,0,0,11.8209180860187,23.5411016764993
2014,0,0,0,53.837768167871,0,0,7.44476333998955,22.8565642255643
2015,0,0,0,149.428484750643,0,0,4.81796721962838,15.1816589708153
