"year","ARTR","HECO","POSE","PSSP","ARTRpred","HECOpred","POSEpred","PSSPpred"
2011,8086.90163588691,99.7234050207715,85.025578237901,132.882897852602,8086.90163588691,99.7234050207715,85.025578237901,132.882897852602
2012,7241.76910653223,12.511686295215,42.4816490510155,6.67764294359899,6059.27684174456,0,0,0
2013,5795.31971942519,1,8.80000994032849,12.173193385274,5412.32417208476,0,0,0
2014,6478.48159780404,0,0.75,0,4089.93985762777,0,0,0
2015,6441.81708044273,0,1.75,0,3924.27516797365,0,0,0
