"year","ARTR","HECO","POSE","PSSP","ARTRpred","HECOpred","POSEpred","PSSPpred"
2011,3248.16494130427,43.1121525190575,473.928515556868,0.25,3248.16494130427,43.1121525190575,473.928515556868,0.25
2012,0,37.0578087074485,550.622157773838,1.25,0,61.5175439271693,586.969869637023,0.146458412997667
2013,0,107.697963021638,966.748797769601,0,0,73.5021628002965,635.104795840435,0.0679306062669976
2014,0,235.603407988126,657.784530780347,0,0,110.389580303477,405.230901461336,0.00778506910071193
2015,40.640132313878,136.699478146538,58.955105116596,9.5301630147605,0,74.5409396792693,186.042427211226,0
