"year","ARTR","HECO","POSE","PSSP","ARTRpred","HECOpred","POSEpred","PSSPpred"
2011,2196.23610279013,1.2134134008155,21.190979817211,165.852507317411,2196.23610279013,1.2134134008155,21.190979817211,165.852507317411
2012,0,5.3320717768155,34.9655861592925,198.753188589701,0,2.23082062556911,29.5231721355011,131.739260376733
2013,0,17.00545096028,35.112016809413,263.472433858235,0,2.19550119492478,31.9006395484227,155.353931766454
2014,0,7.9637263467,8.83010387116999,376.239210210971,0,3.05294194768985,19.2063864147561,142.955833143738
2015,0,23.603110474302,8.82553502700749,287.922031196331,0,2.32164959417446,11.7387743015462,94.7201301227377
