"year","ARTR","HECO","POSE","PSSP","ARTRpred","HECOpred","POSEpred","PSSPpred"
2011,2196.23610279013,1.2134134008155,21.190979817211,165.852507317411,2196.23610279013,1.2134134008155,21.190979817211,165.852507317411
2012,0,5.3320717768155,34.9655861592925,198.753188589701,0,2.32347268359568,37.4141009142665,173.370804049512
2013,0,17.00545096028,35.112016809413,263.472433858235,0,2.332080993391,49.5127565230374,263.562206486657
2014,0,7.9637263467,8.83010387116999,376.239210210971,0,3.08350452935202,36.7445579718165,288.326398817253
2015,0,23.603110474302,8.82553502700749,287.922031196331,0,2.18835232337181,20.4619739097107,208.582918659938
