"year","ARTR","HECO","POSE","PSSP","ARTRpred","HECOpred","POSEpred","PSSPpred"
2011,2196.23610279013,1.2134134008155,21.190979817211,165.852507317411,2196.23610279013,1.2134134008155,21.190979817211,165.852507317411
2012,0,5.3320717768155,34.9655861592925,198.753188589701,0,2.32347268359568,29.4581094903938,130.695121462637
2013,0,17.00545096028,35.112016809413,263.472433858235,0,2.45004845789171,31.4368977208615,155.23322137483
2014,0,7.9637263467,8.83010387116999,376.239210210971,0,3.62892209202299,19.5411795727461,141.217639896159
2015,0,23.603110474302,8.82553502700749,287.922031196331,0,2.98228323585261,11.8181157938902,93.2323267916782
