"year","ARTR","HECO","POSE","PSSP","ARTRpred","HECOpred","POSEpred","PSSPpred"
2011,2196.23610279013,1.2134134008155,21.190979817211,165.852507317411,2196.23610279013,1.2134134008155,21.190979817211,165.852507317411
2012,0,5.3320717768155,34.9655861592925,198.753188589701,0,2.46794456804879,34.2714714743856,171.6867862216
2013,0,17.00545096028,35.112016809413,263.472433858235,0,2.74115967332931,42.5781729147397,250.136548057629
2014,0,7.9637263467,8.83010387116999,376.239210210971,0,4.017724749076,30.0052891306238,271.970533476835
2015,0,23.603110474302,8.82553502700749,287.922031196331,0,3.19449275616327,17.1451316402468,194.740697228202
