"year","ARTR","HECO","POSE","PSSP","ARTRpred","HECOpred","POSEpred","PSSPpred"
2011,2290.0284665277,62.8417172231085,279.396180481629,109.39135154397,2290.0284665277,62.8417172231085,279.396180481629,109.39135154397
2012,0,52.637540742236,456.947172038281,198.670245041796,0,63.5150160570873,305.18239054573,86.9253793418924
2013,0,77.269220539656,582.966366998223,429.96923153221,0,68.939982480478,278.415770784386,101.107077453164
2014,0,77.4429819191425,414.418579838532,323.753807367607,0,91.7727856484704,157.342181249674,92.1550242664427
2015,0,126.248105277957,346.507854997153,437.095095689354,0,52.395218130998,80.6638791640479,58.9300757158146
