"year","ARTR","HECO","POSE","PSSP","ARTRpred","HECOpred","POSEpred","PSSPpred"
2011,2290.0284665277,62.8417172231085,279.396180481629,109.39135154397,2290.0284665277,62.8417172231085,279.396180481629,109.39135154397
2012,0,52.637540742236,456.947172038281,198.670245041796,0,64.9874782400094,306.736903301277,86.2131727861663
2013,0,77.269220539656,582.966366998223,429.96923153221,0,71.9594537883794,276.902121512802,100.469930839718
2014,0,77.4429819191425,414.418579838532,323.753807367607,0,97.2899836276989,156.635486166148,90.5228122253857
2015,0,126.248105277957,346.507854997153,437.095095689354,0,56.6388011869225,79.5099645606728,57.9360542625232
