"year","ARTR","HECO","POSE","PSSP","ARTRpred","HECOpred","POSEpred","PSSPpred"
2011,2290.0284665277,62.8417172231085,279.396180481629,109.39135154397,2290.0284665277,62.8417172231085,279.396180481629,109.39135154397
2012,0,52.637540742236,456.947172038281,198.670245041796,0,66.5214582265514,362.612273507686,113.76936962072
2013,0,77.269220539656,582.966366998223,429.96923153221,0,76.8371344287008,373.596715866575,163.859663398605
2014,0,77.4429819191425,414.418579838532,323.753807367607,0,108.222368438548,234.976471021916,179.206181537612
2015,0,126.248105277957,346.507854997153,437.095095689354,0,66.8533468427259,115.824627521748,125.410239428982
