"year","ARTR","HECO","POSE","PSSP","ARTRpred","HECOpred","POSEpred","PSSPpred"
2011,2290.0284665277,62.8417172231085,279.396180481629,109.39135154397,2290.0284665277,62.8417172231085,279.396180481629,109.39135154397
2012,0,52.637540742236,456.947172038281,198.670245041796,0,64.6862995855656,356.286706337977,117.829574575411
2013,0,77.269220539656,582.966366998223,429.96923153221,0,72.0588304604408,390.068894639896,181.35829610303
2014,0,77.4429819191425,414.418579838532,323.753807367607,0,97.9279348398615,261.070517546943,206.424717936977
2015,0,126.248105277957,346.507854997153,437.095095689354,0,57.2936476688864,129.616261128553,148.783241941737
