"year","ARTR","HECO","POSE","PSSP","ARTRpred","HECOpred","POSEpred","PSSPpred"
2011,2000.101669972,0.25,0,340.036860019185,2000.101669972,0.25,0,340.036860019185
2012,0,0,0.25,301.951123694904,0,0.499536527861581,0,177.287831536491
2013,0,0,0.25,354.579018710038,0,0.309635817968994,0,156.626908578205
2014,0,0,0,364.338740410273,0,0.231518030634965,0,117.569047412441
2015,0,0,0,365.25954981848,0,0.0605268552245152,0,56.5599404895585
