"year","ARTR","HECO","POSE","PSSP","ARTRpred","HECOpred","POSEpred","PSSPpred"
2011,2000.101669972,0.25,0,340.036860019185,2000.101669972,0.25,0,340.036860019185
2012,0,0,0.25,301.951123694904,0,0.630323154020604,0,235.588051202494
2013,0,0,0.25,354.579018710038,0,0.585489874583844,0,260.582497236606
2014,0,0,0,364.338740410273,0,0.834369064073192,0,241.459083099669
2015,0,0,0,365.25954981848,0,0.706299496694361,0,126.455807188033
