"year","ARTR","HECO","POSE","PSSP","ARTRpred","HECOpred","POSEpred","PSSPpred"
2011,2000.101669972,0.25,0,340.036860019185,2000.101669972,0.25,0,340.036860019185
2012,0,0,0.25,301.951123694904,0,0.432856131296523,0,179.106656222761
2013,0,0,0.25,354.579018710038,0,0.200254735292331,0,158.283611066752
2014,0,0,0,364.338740410273,0,0.0805810958062303,0,121.329453783907
2015,0,0,0,365.25954981848,0,0.00555660149220418,0,58.8318856747283
