"year","ARTR","HECO","POSE","PSSP","ARTRpred","HECOpred","POSEpred","PSSPpred"
2011,2000.101669972,0.25,0,340.036860019185,2000.101669972,0.25,0,340.036860019185
2012,0,0,0.25,301.951123694904,0,0.499536527861581,0,258.464899859656
2013,0,0,0.25,354.579018710038,0,0.309635819132967,0,308.794464576468
2014,0,0,0,364.338740410273,0,0.231515646178112,0,295.735739768159
2015,0,0,0,365.25954981848,0,0.0606017219535088,0,155.004628919249
