"year","ARTR","HECO","POSE","PSSP","ARTRpred","HECOpred","POSEpred","PSSPpred"
2011,2854.84142691599,64.4842278608535,145.659929001246,21.2766742142935,2854.84142691599,64.4842278608535,145.659929001246,21.2766742142935
2012,2488.44773721996,9.7254253595705,10.507861520583,46.5749847485365,2288.269671589,0,0,0
2013,3319.12781666973,0.5,10.576904231081,0,2388.78943819479,0,0,0
2014,3237.83134916384,0.25,0.25,0.25,2489.95549610342,0,0,0
2015,3947.18920227389,0,22.215123103547,0,2479.41455113709,0,0,0
