"year","ARTR","HECO","POSE","PSSP","ARTRpred","HECOpred","POSEpred","PSSPpred"
2011,2854.84142691599,64.4842278608535,145.659929001246,21.2766742142935,2854.84142691599,64.4842278608535,145.659929001246,21.2766742142935
2012,2488.44773721996,9.7254253595705,10.507861520583,46.5749847485365,2195.45778901707,0,0,0
2013,3319.12781666973,0.5,10.576904231081,0,2185.73756539677,0,0,0
2014,3237.83134916384,0.25,0.25,0.25,2209.61845821546,0,0,0
2015,3947.18920227389,0,22.215123103547,0,2090.15742847674,0,0,0
