"year","ARTR","HECO","POSE","PSSP","ARTRpred","HECOpred","POSEpred","PSSPpred"
2011,1583.09211369441,0,1.948584260298,70.792270993702,1583.09211369441,0,1.948584260298,70.792270993702
2012,0,0,0.5,129.791677979339,0,0,4.64257296487696,82.8774858370492
2013,0,0,0.75,198.826323646929,0,0,6.67549040293779,128.98294243302
2014,0,0,0,285.021857028486,0,0,5.63759124293112,148.473881410868
2015,0,0,0,215.771742604448,0,0,4.34821641905778,110.383200067445
