"year","ARTR","HECO","POSE","PSSP","ARTRpred","HECOpred","POSEpred","PSSPpred"
2011,1583.09211369441,0,1.948584260298,70.792270993702,1583.09211369441,0,1.948584260298,70.792270993702
2012,0,0,0.5,129.791677979339,0,0,5.17864524951955,87.0734575703041
2013,0,0,0.75,198.826323646929,0,0,8.15699274776105,145.250448434353
2014,0,0,0,285.021857028486,0,0,7.55292239516125,174.372962213258
2015,0,0,0,215.771742604448,0,0,5.84193311480875,133.201331226289
