"year","ARTR","HECO","POSE","PSSP","ARTRpred","HECOpred","POSEpred","PSSPpred"
2011,0,0,10.831128880832,204.666037150909,0,0,10.831128880832,204.666037150909
2012,0,0,21.526055751421,255.829730067009,0,0,18.1830052792147,154.170127274039
2013,0,0,67.26705133295,321.621492431812,0,0,21.4154711933069,176.89583253319
2014,0,0,9.9892092400675,446.15407483627,0,0,13.920133214448,159.529478514008
2015,0,0,8.14897606196998,598.866242064643,0,0,9.04884915698224,99.775548394014
