"year","ARTR","HECO","POSE","PSSP","ARTRpred","HECOpred","POSEpred","PSSPpred"
2011,2223.08203865416,64.109164527943,57.470330818319,116.145749465961,2223.08203865416,64.109164527943,57.470330818319,116.145749465961
2012,1755.76422800885,7.42717576727901,12.111779151717,46.2094675175515,1934.68251516531,0,0,0
2013,2429.10789937103,0.991965214725496,25.325038888502,6.6667897445265,1871.47780024012,0,0,0
2014,1515.02447332564,0,0,0,1761.91575137873,0,0,0
2015,2056.01946901668,0,0,0,1657.29481281221,0,0,0
