"year","ARTR","HECO","POSE","PSSP","ARTRpred","HECOpred","POSEpred","PSSPpred"
2011,6533.39171819283,0,12.439689522657,104.279796633916,6533.39171819283,0,12.439689522657,104.279796633916
2012,4.665478424579,0,17.6934641158715,179.448802311248,0,0,27.2472551413398,125.289809065009
2013,0,0,21.2581885627885,247.058679368091,0,0,33.5505577482558,202.235854028727
2014,0,0,23.0684368698685,210.974659954236,0,0,24.8663452910208,240.267909541594
2015,0,0,14.2752322212795,315.813748995832,0,0,19.0204474513945,187.6756347885
