"year","ARTR","HECO","POSE","PSSP","ARTRpred","HECOpred","POSEpred","PSSPpred"
2011,6533.39171819283,0,12.439689522657,104.279796633916,6533.39171819283,0,12.439689522657,104.279796633916
2012,4.665478424579,0,17.6934641158715,179.448802311248,0,0,23.4594129520794,96.9449378704632
2013,0,0,21.2581885627885,247.058679368091,0,0,24.9533988696817,125.190551315499
2014,0,0,23.0684368698685,210.974659954236,0,0,15.4568171785729,123.81750710085
2015,0,0,14.2752322212795,315.813748995832,0,0,11.0919123147169,88.2970151868349
