"year","ARTR","HECO","POSE","PSSP","ARTRpred","HECOpred","POSEpred","PSSPpred"
2011,6533.39171819283,0,12.439689522657,104.279796633916,6533.39171819283,0,12.439689522657,104.279796633916
2012,4.665478424579,0,17.6934641158715,179.448802311248,0,0,30.0770447561453,130.136892071753
2013,0,0,21.2581885627885,247.058679368091,0,0,40.6524311342186,224.463601463079
2014,0,0,23.0684368698685,210.974659954236,0,0,33.3508600699696,276.594488960628
2015,0,0,14.2752322212795,315.813748995832,0,0,26.4647378428043,222.660140894726
