"year","ARTR","HECO","POSE","PSSP","ARTRpred","HECOpred","POSEpred","PSSPpred"
2011,6533.39171819283,0,12.439689522657,104.279796633916,6533.39171819283,0,12.439689522657,104.279796633916
2012,4.665478424579,0,17.6934641158715,179.448802311248,0,0,23.5246873444715,95.8627985503581
2013,0,0,21.2581885627885,247.058679368091,0,0,24.6344239695133,125.262282860431
2014,0,0,23.0684368698685,210.974659954236,0,0,15.3589986364934,122.732675087867
2015,0,0,14.2752322212795,315.813748995832,0,0,10.8117037796986,87.3782007347492
