"year","ARTR","HECO","POSE","PSSP","ARTRpred","HECOpred","POSEpred","PSSPpred"
2011,0,0,259.766379214792,88.751428835969,0,0,259.766379214792,88.751428835969
2012,0,0,467.474539712704,235.068152689411,0,0,284.131891787081,73.9080911797614
2013,0,0,527.829937202352,240.710435891298,0,0,272.403641899226,89.8800009114427
2014,0,0,352.423586050591,168.672584299482,0,0,154.004987632256,86.439305864106
2015,0,0,431.877048122266,146.149813124614,0,0,70.3001286351341,58.8671046278145
