"year","ARTR","HECO","POSE","PSSP","ARTRpred","HECOpred","POSEpred","PSSPpred"
2011,0,0,259.766379214792,88.751428835969,0,0,259.766379214792,88.751428835969
2012,0,0,467.474539712704,235.068152689411,0,0,283.282434406555,73.0932325052098
2013,0,0,527.829937202352,240.710435891298,0,0,269.632662890417,89.366034173126
2014,0,0,352.423586050591,168.672584299482,0,0,151.847945387513,84.8363513039928
2015,0,0,431.877048122266,146.149813124614,0,0,68.9383340570867,57.6622672865477
