"year","ARTR","HECO","POSE","PSSP","ARTRpred","HECOpred","POSEpred","PSSPpred"
2011,1113.28748331145,457.145292099074,98.52937079569,228.372466228657,1113.28748331145,457.145292099074,98.52937079569,228.372466228657
2012,887.380751005705,380.526249076551,206.971211010654,126.582244191963,1422.28325623145,283.181112485926,154.575445146002,172.57086812264
2013,1161.97628874794,281.75096229118,191.933759863791,141.391607352179,1151.32919158343,331.861252393224,222.001581624772,150.102380885784
2014,1328.61158082711,434.959570781543,285.413210893855,311.517764623825,1581.45636581033,297.830599911114,125.716385475835,130.038789888181
2015,1467.38634142187,275.045198803486,156.408575676258,125.829392468369,1581.53780116205,185.341016382348,98.2042572932033,152.96571466232
