"year","ARTR","HECO","POSE","PSSP","ARTRpred","HECOpred","POSEpred","PSSPpred"
2011,1113.28748331145,457.145292099074,98.52937079569,228.372466228657,1113.28748331145,457.145292099074,98.52937079569,228.372466228657
2012,887.380751005705,380.526249076551,206.971211010654,126.582244191963,1475.48800760564,282.73268032252,154.637758738341,171.352752908227
2013,1161.97628874794,281.75096229118,191.933759863791,141.391607352179,1186.21305801461,329.460373047249,220.438816576704,151.100565940694
2014,1328.61158082711,434.959570781543,285.413210893855,311.517764623825,1643.38062351638,296.490694319095,125.577737907783,128.520543293843
2015,1467.38634142187,275.045198803486,156.408575676258,125.829392468369,1631.42847489777,185.231359213199,96.9729237705847,151.039564955975
