"year","ARTR","HECO","POSE","PSSP","ARTRpred","HECOpred","POSEpred","PSSPpred"
2011,0,270.602835593335,118.353660280803,136.383914777507,0,270.602835593335,118.353660280803,136.383914777507
2012,0,236.759615584407,127.675388667922,144.732874081772,0,239.247576635141,130.491212044851,105.79297531673
2013,0,463.227144847253,43.015659010698,196.778258273455,0,257.065041283212,126.195442581905,175.430454009565
2014,27.524940915213,313.027773558283,59.4623384771915,126.130998664409,0,553.326939850507,26.1258379141513,172.80419427681
2015,27.048965303501,231.047153727864,78.1699925346275,121.288418171222,27.524940915213,171.924493532534,20.689270204836,72.3577786801201
