"year","ARTR","HECO","POSE","PSSP","ARTRpred","HECOpred","POSEpred","PSSPpred"
2011,0,270.602835593335,118.353660280803,136.383914777507,0,270.602835593335,118.353660280803,136.383914777507
2012,0,236.759615584407,127.675388667922,144.732874081772,0,242.789861119312,129.736033997237,105.094659789128
2013,0,463.227144847253,43.015659010698,196.778258273455,0,260.379050731282,125.011665470949,176.329770676306
2014,27.524940915213,313.027773558283,59.4623384771915,126.130998664409,0,560.073151042521,25.9518405613646,169.669582038561
2015,27.048965303501,231.047153727864,78.1699925346275,121.288418171222,27.524940915213,175.054391790701,20.4170706205832,71.3177666301722
