"year","ARTR","HECO","POSE","PSSP","ARTRpred","HECOpred","POSEpred","PSSPpred"
2011,2049.54093749819,147.434813381886,194.216393546245,73.6517606342345,2049.54093749819,147.434813381886,194.216393546245,73.6517606342345
2012,2269.25925996164,123.020964321008,289.190045345104,75.5941847699775,2140.02015386165,128.536775105203,263.924863516361,67.1981773779832
2013,2267.70438976049,157.180461317968,412.327748079636,112.961336009783,2681.70839297998,112.393100061108,274.86469542557,92.2734159414968
2014,2504.13114817631,81.8586504631595,482.066942175749,107.720923822423,2577.39170054532,182.443915477133,220.721961259422,97.433241087415
2015,2580.8071174582,45.523464089424,163.178170743483,30.084378936096,2855.79223632208,49.3843250968444,143.210863567871,68.5604230662145
