"year","ARTR","HECO","POSE","PSSP","ARTRpred","HECOpred","POSEpred","PSSPpred"
2011,2049.54093749819,147.434813381886,194.216393546245,73.6517606342345,2049.54093749819,147.434813381886,194.216393546245,73.6517606342345
2012,2269.25925996164,123.020964321008,289.190045345104,75.5941847699775,2236.18632798179,128.295729724547,264.20767280005,66.6035020271323
2013,2267.70438976049,157.180461317968,412.327748079636,112.961336009783,2793.18233834429,112.215348624122,273.349505597729,92.7465828805491
2014,2504.13114817631,81.8586504631595,482.066942175749,107.720923822423,2700.12832067491,181.9072355324,220.958527158775,96.3451697571093
2015,2580.8071174582,45.523464089424,163.178170743483,30.084378936096,2969.05427783967,49.5236246693554,142.004736974202,67.8017339474415
