"year","ARTR","HECO","POSE","PSSP","ARTRpred","HECOpred","POSEpred","PSSPpred"
2011,0,6.408826740696,110.61381329204,1.25,0,6.408826740696,110.61381329204,1.25
2012,0,25.262444663771,200.661468617206,4.17145270889401,0,11.7895857782552,139.820720615951,0.542102460732073
2013,0,20.219154481513,228.028562904216,6.66162353162,0,22.9898160685335,204.468644283209,4.89951738764521
2014,3.3113045555735,22.0428133605515,118.282435650297,0,0,26.8809680364064,128.471440201376,7.05214661384764
2015,49.093986703446,55.746034362998,85.4552428670445,0,3.3113045555735,13.5075062683206,48.2387493757412,0
