"year","ARTR","HECO","POSE","PSSP","ARTRpred","HECOpred","POSEpred","PSSPpred"
2011,0,282.739173926623,312.577766880397,283.070420726679,0,282.739173926623,312.577766880397,283.070420726679
2012,0,281.364912768769,370.239304885403,193.799996133137,0,211.073235713983,330.771137487148,227.544940261787
2013,0,274.682815564806,417.065451678567,269.851634249554,0,246.752641417642,348.556459042798,227.142573144358
2014,0,576.889249359834,374.538712956649,326.505617584396,0,331.008012134415,218.616632453986,233.127516948636
2015,0,168.775766764257,112.315052489462,108.661482945247,0,232.720578408187,116.243989994008,168.394789907813
