"year","ARTR","HECO","POSE","PSSP","ARTRpred","HECOpred","POSEpred","PSSPpred"
2011,65.176453248835,285.063737914029,667.354831840782,184.266132717715,65.176453248835,285.063737914029,667.354831840782,184.266132717715
2012,107.918152524853,255.664625531638,1100.37937672523,234.89525814685,73.6090776850414,231.047403037043,545.09773946257,132.496820080903
2013,63.2418383022435,217.772267454581,1046.53178894439,149.471202045523,117.430726077429,251.671128422686,752.91817574064,217.390778730147
2014,101.95288958885,461.368417819855,563.751848820486,329.8309905701,87.1739495693436,262.103482077855,382.926087587859,119.826635379079
2015,44.775826217445,319.240335155452,23.5644333130215,85.5579132244835,95.7807990237072,203.781071691523,123.51236389713,137.14773671202
