"year","ARTR","HECO","POSE","PSSP","ARTRpred","HECOpred","POSEpred","PSSPpred"
2011,65.176453248835,285.063737914029,667.354831840782,184.266132717715,65.176453248835,285.063737914029,667.354831840782,184.266132717715
2012,107.918152524853,255.664625531638,1100.37937672523,234.89525814685,72.0139670089854,230.216069636779,541.179882264477,133.636052034203
2013,63.2418383022435,217.772267454581,1046.53178894439,149.471202045523,115.401682272196,251.747428440073,749.872080154928,217.666808164019
2014,101.95288958885,461.368417819855,563.751848820486,329.8309905701,85.2809487025395,261.655107142645,385.093499428919,122.244708178823
2015,44.775826217445,319.240335155452,23.5644333130215,85.5579132244835,94.1420089024204,202.755178648547,124.697040355697,140.094417955438
