"year","ARTR","HECO","POSE","PSSP","ARTRpred","HECOpred","POSEpred","PSSPpred"
2011,1366.0704878039,26.1793130679045,111.726311265062,59.296994708904,1366.0704878039,26.1793130679045,111.726311265062,59.296994708904
2012,1249.31322689537,33.693790050074,152.950461625203,39.0372348300375,1133.08747777813,27.4902553342499,49.1481982034158,53.8461536563391
2013,1121.002714829,37.936134973062,261.357863038362,87.294211960953,1173.93357639555,32.8031024888563,124.06982124886,55.3469459240043
2014,1568.27952373334,83.553052720485,393.177086784226,140.706400538221,1066.50455997979,47.0473472973447,82.6208393488479,74.1956973811762
2015,953.575761414188,21.3787783212,180.858188341813,53.9451307637185,1434.43699438444,41.6301142420587,48.467346653535,89.2341192682292
