"year","ARTR","HECO","POSE","PSSP","ARTRpred","HECOpred","POSEpred","PSSPpred"
2011,1366.0704878039,26.1793130679045,111.726311265062,59.296994708904,1366.0704878039,26.1793130679045,111.726311265062,59.296994708904
2012,1249.31322689537,33.693790050074,152.950461625203,39.0372348300375,1097.17185367869,27.1585080846272,49.00222240421,54.4631332073539
2013,1121.002714829,37.936134973062,261.357863038362,87.294211960953,1145.85526806757,32.626632753185,123.225308068203,54.920165505085
2014,1568.27952373334,83.553052720485,393.177086784226,140.706400538221,1035.26823055949,46.9356766160922,82.8344980833669,74.9185862822363
2015,953.575761414188,21.3787783212,180.858188341813,53.9451307637185,1391.21507538394,41.4463201071584,49.0485892083522,90.2295881148696
