"year","ARTR","HECO","POSE","PSSP","ARTRpred","HECOpred","POSEpred","PSSPpred"
2011,828.240482989502,0,0,30.0957367371945,828.240482989502,0,0,30.0957367371945
2012,1815.15995001082,0,0,21.013131767731,709.583446620836,0,0,29.6770977462613
2013,2090.48482134242,0,0,62.613702184421,1589.9254364664,0,0,29.4405256281769
2014,1471.56062253597,0,0,76.5636059882035,1765.38823368072,0,0,58.5796715054486
2015,1555.92182092477,0,0,62.3795790045645,1289.30247433169,0,0,46.0509781431915
