"year","ARTR","HECO","POSE","PSSP","ARTRpred","HECOpred","POSEpred","PSSPpred"
2011,828.240482989502,0,0,30.0957367371945,828.240482989502,0,0,30.0957367371945
2012,1815.15995001082,0,0,21.013131767731,737.37475038263,0,0,29.3592587036151
2013,2090.48482134242,0,0,62.613702184421,1651.51499822281,0,0,29.654936815923
2014,1471.56062253597,0,0,76.5636059882035,1840.26913897832,0,0,57.8851958063196
2015,1555.92182092477,0,0,62.3795790045645,1333.67497083075,0,0,45.4605653293686
