"year","ARTR","HECO","POSE","PSSP","ARTRpred","HECOpred","POSEpred","PSSPpred"
2011,3932.70061905214,0,88.4372535330045,218.039106567053,3932.70061905214,0,88.4372535330045,218.039106567053
2012,3684.59087682976,0,147.357863007137,185.354708017922,2869.31152439865,0,124.610367846038,179.431447114432
2013,2617.92025786532,0,216.751469591086,358.647924129176,2802.06613527944,0,160.501516535927,214.344075611738
2014,1994.29002639639,0,199.058734644512,377.097512022318,2007.59280431975,0,138.309851584093,301.970353284283
2015,2213.37495290992,0,319.959933997577,379.554437490724,1725.64489249793,0,70.276565291861,191.68684748104
