"year","ARTR","HECO","POSE","PSSP","ARTRpred","HECOpred","POSEpred","PSSPpred"
2011,4485.99206033973,0,228.125153050994,42.393637329102,4485.99206033973,0,228.125153050994,42.393637329102
2012,4439.56058818482,0,428.809683010733,60.206393804151,3643.7182230036,0,243.079488079313,39.4583843283983
2013,3593.55922177358,0,470.108434373071,155.575401400829,3868.85702637562,0,368.592099686539,74.269665255926
2014,3447.7666007839,0,260.597263245204,154.011985425987,2992.28249109778,0,224.62863411315,131.296839240176
2015,4204.8418054742,0,113.305730342295,41.411111540262,2876.85584575937,0,58.5873408347271,81.4733181539152
