"year","ARTR","HECO","POSE","PSSP","ARTRpred","HECOpred","POSEpred","PSSPpred"
2011,4485.99206033973,0,228.125153050994,42.393637329102,4485.99206033973,0,228.125153050994,42.393637329102
2012,4439.56058818482,0,428.809683010733,60.206393804151,3440.12919167382,0,244.680107114227,39.9715423960674
2013,3593.55922177358,0,470.108434373071,155.575401400829,3674.76587988718,0,370.716701543138,73.9359527499836
2014,3447.7666007839,0,260.597263245204,154.011985425987,2834.89748818775,0,228.005088095092,133.711969133312
2015,4204.8418054742,0,113.305730342295,41.411111540262,2747.96021439869,0,59.1418759372477,82.7915810001336
