"year","ARTR","HECO","POSE","PSSP","ARTRpred","HECOpred","POSEpred","PSSPpred"
2011,4262.12472423719,0,79.5531456498205,179.728316066345,4262.12472423719,0,79.5531456498205,179.728316066345
2012,4716.65978167328,0,106.317697954284,102.26519398574,3374.42822208097,0,125.659577983863,122.538802037081
2013,4258.35174149639,0,121.447018718135,182.187745889182,4058.61510038319,0,112.592964255367,100.790677531688
2014,3956.84755289424,10.858134398476,86.618673457814,221.630362602034,3320.22922629522,0,73.4559228185507,137.689357633929
2015,3723.81387200627,0,40.5721128422235,148.439888493249,3836.31914918073,11.1593130529198,24.4000000288177,97.2767747293786
