"year","ARTR","HECO","POSE","PSSP","ARTRpred","HECOpred","POSEpred","PSSPpred"
2011,4262.12472423719,0,79.5531456498205,179.728316066345,4262.12472423719,0,79.5531456498205,179.728316066345
2012,4716.65978167328,0,106.317697954284,102.26519398574,3168.23107006833,0,125.540664668899,123.72977376673
2013,4258.35174149639,0,121.447018718135,182.187745889182,3830.98539110935,0,113.683956509156,100.786597524754
2014,3956.84755289424,10.858134398476,86.618673457814,221.630362602034,3117.13943633686,0,73.7515380842109,140.891141764472
2015,3723.81387200627,0,40.5721128422235,148.439888493249,3637.86962022972,11.1593130529198,24.715297558707,98.9712944073509
