"year","ARTR","HECO","POSE","PSSP","ARTRpred","HECOpred","POSEpred","PSSPpred"
2011,3159.55450650289,0,253.941326844683,128.558146072289,3159.55450650289,0,253.941326844683,128.558146072289
2012,0,0,379.281358405225,241.599501182563,0,0,285.518132162761,116.707271553288
2013,0,0,576.250219068372,320.790351695359,0,0,354.026697608624,269.03104009369
2014,0,0,469.45183791209,620.055673976679,0,0,279.639770477326,263.128585751157
2015,0,0,454.41772752151,478.454228467832,0,0,103.978437845489,275.383177012082
