"year","ARTR","HECO","POSE","PSSP","ARTRpred","HECOpred","POSEpred","PSSPpred"
2011,3159.55450650289,0,253.941326844683,128.558146072289,3159.55450650289,0,253.941326844683,128.558146072289
2012,0,0,379.281358405225,241.599501182563,0,0,286.39904821758,118.078546839739
2013,0,0,576.250219068372,320.790351695359,0,0,356.218840789566,267.758311386459
2014,0,0,469.45183791209,620.055673976679,0,0,283.522032216331,266.903928806511
2015,0,0,454.41772752151,478.454228467832,0,0,105.138994661931,280.375410585084
