"year","ARTR","HECO","POSE","PSSP","ARTRpred","HECOpred","POSEpred","PSSPpred"
2011,670.070642279762,129.720749997352,122.601096450603,204.905098005335,670.070642279762,129.720749997352,122.601096450603,204.905098005335
2012,874.753889832203,67.016809141151,18.1924601577435,36.494259433868,628.258332812665,0,0,0
2013,1293.87616226017,19.28294299001,6.26066884989248,9.901485585534,864.517008068014,0,0,0
2014,1319.84944573789,17.0142764207935,0.75,0,1187.94591945283,0,0,0
2015,1793.55627903912,0,0.25,0,1236.55295562519,0,0,0
