"year","ARTR","HECO","POSE","PSSP","ARTRpred","HECOpred","POSEpred","PSSPpred"
2011,1355.25917078945,14.4283698306955,80.44650882418,113.018079268097,1355.25917078945,14.4283698306955,80.44650882418,113.018079268097
2012,397.932907835076,5.87587688725599,7.4087060909915,74.7023368822575,1234.73148393258,0,0,0
2013,0,0,4,1.25,436.343126525097,0,0,0
2014,0,0,1,0,0,0,0,0
2015,0,0,0.5,0,0,0,0,0
