"year","ARTR","HECO","POSE","PSSP","ARTRpred","HECOpred","POSEpred","PSSPpred"
2011,2886.36585312484,18.9569886237285,226.239719139068,73.9386960471195,2886.36585312484,18.9569886237285,226.239719139068,73.9386960471195
2012,2557.92735632225,28.5919110610475,397.711567489787,74.899225614585,1796.23724227056,27.2941384340896,275.56067955541,71.9993908235584
2013,2520.04383301204,27.1651706599775,476.766231442146,131.593336008306,2192.92781654837,33.6938323426605,381.041304422597,93.6969122079801
2014,2153.99111059837,39.577445665466,176.378885776973,167.305409561624,1833.08933211734,41.8566914205813,253.428964770449,124.445916978394
2015,2265.01964237267,62.716700383764,140.228948630066,157.76848645219,1847.3330326265,25.6927458797829,58.0717504446799,97.1222616907246
