"year","ARTR","HECO","POSE","PSSP","ARTRpred","HECOpred","POSEpred","PSSPpred"
2011,2886.36585312484,18.9569886237285,226.239719139068,73.9386960471195,2886.36585312484,18.9569886237285,226.239719139068,73.9386960471195
2012,2557.92735632225,28.5919110610475,397.711567489787,74.899225614585,1722.33075966397,26.7811396037054,275.809060385017,72.7456681744197
2013,2520.04383301204,27.1651706599775,476.766231442146,131.593336008306,2096.73988205806,32.9538305953253,384.21140645686,93.1878282188895
2014,2153.99111059837,39.577445665466,176.378885776973,167.305409561624,1751.84529486319,41.0617935538446,255.763835642832,126.290021111844
2015,2265.01964237267,62.716700383764,140.228948630066,157.76848645219,1771.32559269999,25.0824944582182,58.8527801231409,98.4811269555643
