"year","ARTR","HECO","POSE","PSSP","ARTRpred","HECOpred","POSEpred","PSSPpred"
2011,3941.85526635568,0,6.18173971415949,21.548314328677,3941.85526635568,0,6.18173971415949,21.548314328677
2012,0,0.25,9.043521466009,53.645755107934,0,0,12.1409459072187,24.9658876341194
2013,0,0,23.976162528042,114.974107981562,0,0.25,12.7400982359663,73.9504370404959
2014,0,0,0,53.837768167871,0,0,18.4424741530884,116.243366558754
2015,0,0,0,149.428484750643,0,0,0,36.1060653288035
