"year","ARTR","HECO","POSE","PSSP","ARTRpred","HECOpred","POSEpred","PSSPpred"
2011,3941.85526635568,0,6.18173971415949,21.548314328677,3941.85526635568,0,6.18173971415949,21.548314328677
2012,0,0.25,9.043521466009,53.645755107934,0,0,10.5857451597386,19.1151716922761
2013,0,0,23.976162528042,114.974107981562,0,0.25,11.0889581058658,56.1555498212564
2014,0,0,0,53.837768167871,0,0,15.4668244361554,88.3775512305281
2015,0,0,0,149.428484750643,0,0,0,28.1469300115582
