"year","ARTR","HECO","POSE","PSSP","ARTRpred","HECOpred","POSEpred","PSSPpred"
2011,3941.85526635568,0,6.18173971415949,21.548314328677,3941.85526635568,0,6.18173971415949,21.548314328677
2012,0,0.25,9.043521466009,53.645755107934,0,0,13.4672827385176,27.7440785459278
2013,0,0,23.976162528042,114.974107981562,0,0.25,13.9797501419765,82.7505164176607
2014,0,0,0,53.837768167871,0,0,20.3411376582756,126.707254106511
2015,0,0,0,149.428484750643,0,0,0,40.0111107906167
