"year","ARTR","HECO","POSE","PSSP","ARTRpred","HECOpred","POSEpred","PSSPpred"
2011,3248.16494130427,43.1121525190575,473.928515556868,0.25,3248.16494130427,43.1121525190575,473.928515556868,0.25
2012,0,37.0578087074485,550.622157773838,1.25,0,61.5175439271693,586.969869637023,0.146458412997667
2013,0,107.697963021638,966.748797769601,0,0,45.2347163032908,534.560720475163,1.91317890576715
2014,0,235.603407988126,657.784530780347,0,0,142.862649373235,505.119479946151,0
2015,40.640132313878,136.699478146538,58.955105116596,9.5301630147605,0,111.972763985091,150.496563139647,0
