"year","ARTR","HECO","POSE","PSSP","ARTRpred","HECOpred","POSEpred","PSSPpred"
2011,3248.16494130427,43.1121525190575,473.928515556868,0.25,3248.16494130427,43.1121525190575,473.928515556868,0.25
2012,0,37.0578087074485,550.622157773838,1.25,0,60.5132360223067,480.330001278418,0.109359376055995
2013,0,107.697963021638,966.748797769601,0,0,44.0656128435446,447.160839461873,1.32608640618576
2014,0,235.603407988126,657.784530780347,0,0,141.238116616092,407.843725610215,0
2015,40.640132313878,136.699478146538,58.955105116596,9.5301630147605,0,110.260830278521,121.794563612087,0
