"year","ARTR","HECO","POSE","PSSP","ARTRpred","HECOpred","POSEpred","PSSPpred"
2011,3248.16494130427,43.1121525190575,473.928515556868,0.25,3248.16494130427,43.1121525190575,473.928515556868,0.25
2012,0,37.0578087074485,550.622157773838,1.25,0,63.2939740373,572.739959288313,0.116746459753558
2013,0,107.697963021638,966.748797769601,0,0,46.8737417481692,532.646655032611,1.5438004861709
2014,0,235.603407988126,657.784530780347,0,0,145.116174784129,486.946151156049,0
2015,40.640132313878,136.699478146538,58.955105116596,9.5301630147605,0,113.217688863454,144.925308847782,0
