"year","ARTR","HECO","POSE","PSSP","ARTRpred","HECOpred","POSEpred","PSSPpred"
2011,3248.16494130427,43.1121525190575,473.928515556868,0.25,3248.16494130427,43.1121525190575,473.928515556868,0.25
2012,0,37.0578087074485,550.622157773838,1.25,0,61.8187225816131,479.912946525301,0.0993258736767396
2013,0,107.697963021638,966.748797769601,0,0,45.2347163032908,446.650638386475,1.30448455905628
2014,0,235.603407988126,657.784530780347,0,0,143.163828027679,402.446803008133,0
2015,40.640132313878,136.699478146538,58.955105116596,9.5301630147605,0,112.273942639535,120.889079845054,0
