"year","ARTR","HECO","POSE","PSSP","ARTRpred","HECOpred","POSEpred","PSSPpred"
2011,2196.23610279013,1.2134134008155,21.190979817211,165.852507317411,2196.23610279013,1.2134134008155,21.190979817211,165.852507317411
2012,0,5.3320717768155,34.9655861592925,198.753188589701,0,2.23082062556911,29.5231721355011,131.739260376733
2013,0,17.00545096028,35.112016809413,263.472433858235,0,5.4938466250364,36.1284114664758,198.348860886051
2014,0,7.9637263467,8.83010387116999,376.239210210971,0,20.3428156743699,22.7638225330267,223.087316801524
2015,0,23.603110474302,8.82553502700749,287.922031196331,0,5.42843507312616,4.6645661101646,192.637300073857
