"year","ARTR","HECO","POSE","PSSP","ARTRpred","HECOpred","POSEpred","PSSPpred"
2011,2196.23610279013,1.2134134008155,21.190979817211,165.852507317411,2196.23610279013,1.2134134008155,21.190979817211,165.852507317411
2012,0,5.3320717768155,34.9655861592925,198.753188589701,0,2.32347268359568,29.4581094903938,130.695121462637
2013,0,17.00545096028,35.112016809413,263.472433858235,0,5.68322591081448,35.7865003243767,200.010352101813
2014,0,7.9637263467,8.83010387116999,376.239210210971,0,20.65199250124,22.6687072708154,219.434201128168
2015,0,23.603110474302,8.82553502700749,287.922031196331,0,5.61976268336692,4.60074666126721,190.14085421377
