"year","ARTR","HECO","POSE","PSSP","ARTRpred","HECOpred","POSEpred","PSSPpred"
2011,2290.0284665277,62.8417172231085,279.396180481629,109.39135154397,2290.0284665277,62.8417172231085,279.396180481629,109.39135154397
2012,0,52.637540742236,456.947172038281,198.670245041796,0,64.9874782400094,306.736903301277,86.2131727861663
2013,0,77.269220539656,582.966366998223,429.96923153221,0,60.3501224883055,384.281958539382,187.760239853265
2014,0,77.4429819191425,414.418579838532,323.753807367607,0,101.796270690417,290.02024587809,321.847946926042
2015,0,126.248105277957,346.507854997153,437.095095689354,0,51.1051179748944,113.457097421437,141.638282473247
