"year","ARTR","HECO","POSE","PSSP","ARTRpred","HECOpred","POSEpred","PSSPpred"
2011,2290.0284665277,62.8417172231085,279.396180481629,109.39135154397,2290.0284665277,62.8417172231085,279.396180481629,109.39135154397
2012,0,52.637540742236,456.947172038281,198.670245041796,0,63.5150160570873,305.18239054573,86.9253793418924
2013,0,77.269220539656,582.966366998223,429.96923153221,0,59.2532903538932,386.095666312517,187.260915069165
2014,0,77.4429819191425,414.418579838532,323.753807367607,0,100.337539092466,292.676236505128,329.744354722712
2015,0,126.248105277957,346.507854997153,437.095095689354,0,49.9269172845251,114.865319970036,144.590622555799
