"year","ARTR","HECO","POSE","PSSP","ARTRpred","HECOpred","POSEpred","PSSPpred"
2011,2290.0284665277,62.8417172231085,279.396180481629,109.39135154397,2290.0284665277,62.8417172231085,279.396180481629,109.39135154397
2012,0,52.637540742236,456.947172038281,198.670245041796,0,64.6862995855656,356.286706337977,117.829574575411
2013,0,77.269220539656,582.966366998223,429.96923153221,0,60.0489438338618,477.467625716243,251.394574582024
2014,0,77.4429819191425,414.418579838532,323.753807367607,0,101.796270690417,366.905049218733,471.326402536316
2015,0,126.248105277957,346.507854997153,437.095095689354,0,50.8039393204507,145.990841725341,208.668060444744
