"year","ARTR","HECO","POSE","PSSP","ARTRpred","HECOpred","POSEpred","PSSPpred"
2011,1684.53457262591,0,6.285227198095,152.347084131294,1684.53457262591,0,6.285227198095,152.347084131294
2012,1526.2877721785,0,0,56.8093683802115,1356.58608216818,0,0,0
2013,1199.99251561206,0,0,34.6135658193565,1376.71004372693,0,0,0
2014,518.643245445502,0,0,0.5,1053.57670648939,0,0,0
2015,609.931625260926,0,0.25,0,472.155597989544,0,0,0
