"year","ARTR","HECO","POSE","PSSP","ARTRpred","HECOpred","POSEpred","PSSPpred"
2011,2000.101669972,0.25,0,340.036860019185,2000.101669972,0.25,0,340.036860019185
2012,0,0,0.25,301.951123694904,0,0.499536527861581,0,177.287831536491
2013,0,0,0.25,354.579018710038,0,0,0.25,245.128707641496
2014,0,0,0,364.338740410273,0,0,0.0927077693625096,231.594363009971
2015,0,0,0,365.25954981848,0,0,0,129.657304189555
