"year","ARTR","HECO","POSE","PSSP","ARTRpred","HECOpred","POSEpred","PSSPpred"
2011,2143.30503586445,0,0.25,271.909729114694,2143.30503586445,0,0.25,271.909729114694
2012,1586.62428589413,0,0,253.01687491059,1840.52706619274,0,0,0
2013,2067.23480709764,0,0,76.3625243273545,1504.04186402707,0,0,0
2014,2024.84998817894,0,0,0.75,1898.58039519007,0,0,0
2015,1904.88817511949,0,0,0.25,1896.72656445634,0,0,0
