"year","ARTR","HECO","POSE","PSSP","ARTRpred","HECOpred","POSEpred","PSSPpred"
2011,1583.09211369441,0,1.948584260298,70.792270993702,1583.09211369441,0,1.948584260298,70.792270993702
2012,0,0,0.5,129.791677979339,0,0,4.28184644763227,63.5606478016304
2013,0,0,0.75,198.826323646929,0,0,0.31911493377434,144.323760045587
2014,0,0,0,285.021857028486,0,0,0.230241998600164,163.077986980332
2015,0,0,0,215.771742604448,0,0,0,131.585308564238
