"year","ARTR","HECO","POSE","PSSP","ARTRpred","HECOpred","POSEpred","PSSPpred"
2011,1583.09211369441,0,1.948584260298,70.792270993702,1583.09211369441,0,1.948584260298,70.792270993702
2012,0,0,0.5,129.791677979339,0,0,5.17864524951955,87.0734575703041
2013,0,0,0.75,198.826323646929,0,0,0.410262409215405,207.448931792818
2014,0,0,0,285.021857028486,0,0,0.298494946290963,229.004641488734
2015,0,0,0,215.771742604448,0,0,0,180.016301165499
