"year","ARTR","HECO","POSE","PSSP","ARTRpred","HECOpred","POSEpred","PSSPpred"
2011,1583.09211369441,0,1.948584260298,70.792270993702,1583.09211369441,0,1.948584260298,70.792270993702
2012,0,0,0.5,129.791677979339,0,0,4.64257296487696,82.8774858370492
2013,0,0,0.75,198.826323646929,0,0,0.369050913343754,190.036471824622
2014,0,0,0,285.021857028486,0,0,0.265376811310715,214.272047338869
2015,0,0,0,215.771742604448,0,0,0,172.700328415107
