"year","ARTR","HECO","POSE","PSSP","ARTRpred","HECOpred","POSEpred","PSSPpred"
2011,1583.09211369441,0,1.948584260298,70.792270993702,1583.09211369441,0,1.948584260298,70.792270993702
2012,0,0,0.5,129.791677979339,0,0,4.29395557754855,63.087290570322
2013,0,0,0.75,198.826323646929,0,0,0.310610594604601,144.935566941399
2014,0,0,0,285.021857028486,0,0,0.237181706632658,159.8187481791
2015,0,0,0,215.771742604448,0,0,0,129.365310038252
