"year","ARTR","HECO","POSE","PSSP","ARTRpred","HECOpred","POSEpred","PSSPpred"
2011,0,0,10.831128880832,204.666037150909,0,0,10.831128880832,204.666037150909
2012,0,0,21.526055751421,255.829730067009,0,0,18.1885069578911,155.592003411704
2013,0,0,67.26705133295,321.621492431812,0,0,25.4494270279391,251.7493285566
2014,0,0,9.9892092400675,446.15407483627,0,0,34.8664014749454,252.371671112599
2015,0,0,8.14897606196998,598.866242064643,0,0,5.08731450144341,190.734770591316
