"year","ARTR","HECO","POSE","PSSP","ARTRpred","HECOpred","POSEpred","PSSPpred"
2011,6533.39171819283,0,12.439689522657,104.279796633916,6533.39171819283,0,12.439689522657,104.279796633916
2012,4.665478424579,0,17.6934641158715,179.448802311248,0,0,23.4594129520794,96.9449378704632
2013,0,0,21.2581885627885,247.058679368091,0,0,20.7178088835358,198.152185597861
2014,0,0,23.0684368698685,210.974659954236,0,0,13.5213294824353,217.259799746693
2015,0,0,14.2752322212795,315.813748995832,0,0,11.60131592661,132.893005741812
