"year","ARTR","HECO","POSE","PSSP","ARTRpred","HECOpred","POSEpred","PSSPpred"
2011,6533.39171819283,0,12.439689522657,104.279796633916,6533.39171819283,0,12.439689522657,104.279796633916
2012,4.665478424579,0,17.6934641158715,179.448802311248,0,0,30.0770447561453,130.136892071753
2013,0,0,21.2581885627885,247.058679368091,0,0,25.8382365804048,256.57631300545
2014,0,0,23.0684368698685,210.974659954236,0,0,17.6143627792713,287.637631222027
2015,0,0,14.2752322212795,315.813748995832,0,0,14.0862473013253,185.561764766047
