"year","ARTR","HECO","POSE","PSSP","ARTRpred","HECOpred","POSEpred","PSSPpred"
2011,1423.34740174854,268.242188739088,37.280171660706,149.757815077658,1423.34740174854,268.242188739088,37.280171660706,149.757815077658
2012,1278.91932017251,44.6780392519605,7.48004394997051,18.9710110727875,1167.44339860362,0,0,0
2013,1486.18745979407,23.9959500245905,0.625224,4.0584175922345,1169.52262250128,0,0,0
2014,1036.06789317517,1,0,0,1259.72816647957,0,0,0
2015,1049.37338414062,0.500000000000002,0,0.5,929.591419891733,0,0,0
