"year","ARTR","HECO","POSE","PSSP","ARTRpred","HECOpred","POSEpred","PSSPpred"
2011,0,0,259.766379214792,88.751428835969,0,0,259.766379214792,88.751428835969
2012,0,0,467.474539712704,235.068152689411,0,0,283.282434406555,73.0932325052098
2013,0,0,527.829937202352,240.710435891298,0,0,313.072877911833,240.535071846342
2014,0,0,352.423586050591,168.672584299482,0,0,223.144762127386,192.866004554943
2015,0,0,431.877048122266,146.149813124614,0,0,93.1446991400868,86.6475322215299
