"species","offset"
"ARTR",1.21131202545258
"HECO",1.18534588800735
"POSE",1.06916583243421
"PSSP",1.35737338765299
