"species","offset"
"ARTR",1.20847774907812
"HECO",1.13234182062165
"POSE",1.06916583243421
"PSSP",1.35737338765299
