"species","offset"
"ARTR",1.21385955673605
"HECO",1.20809350227845
"POSE",1.09289366799457
"PSSP",1.3732493894679
